kl_host,kl_first_seen,kl_popularity,kl_threat
work.a-poster.info,29.05.2018 11:24,4,CnC.Win32.Generic
195.62.52.55,10.08.2017 17:22,4,Trojan-Banker.Win32.Trickster
193.161.193.99,06.12.2017 21:58,3,Worm.VBS.Dinihou
119.59.124.163,21.04.2018 03:37,3,Trojan-Dropper.MSOffice.SDrop
144.76.62.10,25.04.2017 00:48,3,Trojan.Win32.Staser
151.80.142.33,17.12.2015 13:56,3,Trojan-Banker.Win32.Emotet
vietskytravel.com.vn,04.09.2013 20:51,3,CnC.Win32.Generic
veetee.ottechnology.com,21.11.2012 21:55,2,Backdoor.Win32.Shiz
136.243.14.152,30.05.2019 17:26,2,Trojan-Downloader.Win32.Goo
lamp.tugraz.at,17.02.2014 16:19,2,CnC.Win32.Generic
portal.baixadaon.com.br,17.04.2014 08:25,2,CnC.Win32.Generic
195.133.48.64,13.11.2018 17:49,2,CnC.Win32.Generic
106.75.66.110,23.08.2018 15:46,2,Trojan.AndroidOS.Triada
ubuyfirst.dynu.net,25.01.2019 07:38,2,Trojan.MSIL.Disfa
sman3singkawang.sch.id,24.01.2014 00:29,2,CnC.Win32.Generic
123.59.128.38,16.07.2018 16:33,2,Trojan-Dropper.AndroidOS.Iop
dbupdates.torrentplay.com,08.02.2012 15:33,2,Backdoor.Win32.Shiz
45.33.37.240,01.06.2018 11:21,2,CnC.Win32.Generic
helbanoivas.com.br,06.08.2014 13:47,2,Trojan-Spy.Win32.Zbot
213.166.71.163,11.06.2019 05:51,2,Trojan-Downloader.Win32.Deyma
pienaarbrothers.co.za,24.02.2015 02:53,2,Trojan-Spy.Win32.Zbot
gssf.com.kw,03.02.2014 19:21,2,CnC.Win32.Generic
93.190.138.98,14.05.2019 08:18,2,Trojan-Downloader.Win32.Goo
free.idcfengye.com,04.10.2018 16:32,2,Backdoor.AndroidOS.Ahmyth
185.4.64.183,18.12.2018 19:47,2,Trojan-PSW.Win32.Coins
mipsoft.com.br,09.12.2013 12:57,2,CnC.Win32.Generic
88.198.35.181,14.05.2019 08:18,2,Trojan-Downloader.Win32.Goo
phcci.com.ph,15.11.2012 09:38,2,CnC.Win32.Generic
naturezaelimpeza.com.br,18.12.2014 06:30,2,Trojan-Spy.Win32.Zbot
expertteamhacker.com.br,04.12.2018 08:45,2,Backdoor.MSIL.Bladabindi
grupolz.com.br,17.02.2014 16:19,2,CnC.Win32.Generic
185.82.217.154,26.02.2019 19:48,2,Backdoor.MSIL.Bladabindi
134.119.188.33,06.06.2019 09:32,2,Trojan-Downloader.Win32.Goo
odontowayequipamentos.com.br,12.08.2013 11:15,2,CnC.Win32.Generic
krlegal.com.au,02.03.2013 06:56,2,Trojan-Spy.Win32.Zbot
celenit-idiomas.com.br,29.08.2013 12:29,2,Trojan-Spy.Win32.Zbot
turevmak.com.tr,28.11.2014 07:16,2,Trojan-Spy.Win32.Zbot
chaimwalder.co.il,23.03.2015 05:47,2,Trojan-Spy.Win32.Zbot
81.183.213.36,10.05.2019 11:06,2,Trojan-Banker.Win32.Emotet
91.201.65.73,14.05.2019 11:57,2,Trojan-Banker.Win32.Trickster
195.123.212.210,05.02.2019 09:29,2,Trojan-Spy.Win32.Ursnif
orangegraphics.altervista.org,08.04.2010 12:56,2,CnC.Win32.Generic
178.132.0.217,05.02.2018 12:41,2,Backdoor.MSIL.Bladabindi
leivas.com.br,09.06.2015 20:15,2,Trojan-Ransom.Win32.Cryptodef
62.112.8.173,27.05.2019 14:26,2,Trojan-Downloader.Win32.Goo
178.132.0.37,14.05.2019 08:18,2,Trojan-Downloader.Win32.Goo
vdovenko.kiev.ua,29.10.2014 05:21,2,Trojan-Spy.Win32.Zbot
portlets.arcticportal.org,30.03.2015 18:29,2,Trojan-Spy.Win32.Zbot
84.200.16.242,28.06.2017 10:07,2,CnC.Win32.Generic
facebooksexdating.web.fc2.com,11.12.2012 08:42,2,CnC.Win32.Generic
24.194.252.25,18.02.2019 14:09,2,Trojan-Banker.Win32.Emotet
89.46.100.217,07.02.2019 17:56,2,Backdoor.AndroidOS.Agent
doorsakademi.com.tr,26.03.2013 13:52,2,Backdoor.Win32.Mutopy
rudy.zzz.com.ua,16.05.2019 16:17,2,Trojan-PSW.Win32.Coins
salvadorautopecas.com.br,27.11.2013 14:54,2,Trojan.Win32.Generic
ssl9294.websiteseguro.com,29.04.2019 15:38,2,CnC.Win32.Generic
islandrecovery.com.sg,08.06.2015 13:51,2,Trojan-Spy.Win32.Zbot
185.116.214.58,15.12.2018 20:18,2,Backdoor.AndroidOS.Agent
185.204.1.236,17.01.2019 19:12,2,Backdoor.MSIL.Bladabindi
151.106.0.203,12.06.2019 21:05,2,Trojan-Downloader.Win32.Goo
thietbikiemdinh.com.vn,27.01.2014 14:31,2,CnC.Win32.Generic
82.202.167.182,12.04.2019 19:11,2,Backdoor.Win32.DarkKomet
178.159.37.113,06.04.2019 08:06,2,Backdoor.Win32.Androm
api.wipmania.com.fowd.ru,13.01.2014 18:35,2,Worm.Win32.Ngrbot
123.56.228.49,19.06.2018 09:27,2,Trojan.Win32.Zonidel
178.216.50.18,21.01.2019 15:59,2,Trojan-PSW.Win32.Coins
144.76.28.170,14.05.2019 08:18,2,Trojan-Downloader.Win32.Goo
185.130.215.49,14.01.2019 11:54,2,Trojan-PSW.Win32.Coins
109.236.91.13,08.04.2019 23:04,2,Trojan-Downloader.Win32.Goo
learninginstitute.co.uk,05.09.2014 13:39,2,Trojan-Spy.Win32.Zbot
cfcontable.com.ar,21.01.2015 18:48,2,Trojan.Win32.Neurevt
guiapubliqueja.com.br,19.05.2015 16:06,2,Trojan-Spy.Win32.Zbot
globoagua.com.br,17.02.2015 02:54,2,Trojan-Spy.Win32.Zbot
reimbergit.com.br,27.10.2013 10:03,2,CnC.Win32.Generic
rossmedical.com.br,12.08.2013 11:15,2,CnC.Win32.Generic
91.236.4.234,25.02.2016 10:55,2,Trojan-Banker.Win32.Emotet
12.162.84.2,09.04.2018 12:54,2,Trojan-Banker.Win32.Emotet
struttura.com.br,29.07.2013 19:05,2,CnC.Win32.Generic
dwv.com.br,09.09.2014 08:26,2,Trojan-Spy.MSIL.Banker
5.9.37.179,14.05.2019 08:18,2,Trojan-Downloader.Win32.Goo
134.119.179.45,12.06.2019 21:05,2,Trojan-Downloader.Win32.Goo
176.9.40.135,14.05.2019 08:18,2,Trojan-Downloader.Win32.Goo
85.10.193.60,21.05.2019 16:53,2,Trojan-Downloader.Win32.Goo
176.9.103.83,14.05.2019 08:18,2,Trojan-Downloader.Win32.Goo
148.251.42.49,14.05.2019 08:44,2,Trojan-Downloader.Win32.Goo
134.119.212.41,06.06.2019 19:02,2,Trojan-Downloader.Win32.Goo
134.119.206.125,06.06.2019 08:42,2,Trojan-Downloader.Win32.Goo
151.106.11.209,12.06.2019 22:20,2,Trojan-Downloader.Win32.Goo
93.190.143.22,14.05.2019 08:18,2,Trojan-Downloader.Win32.Goo
176.9.120.229,14.05.2019 08:18,2,Trojan-Downloader.Win32.Goo
134.119.192.13,06.06.2019 08:32,2,Trojan-Downloader.Win32.Goo
88.198.36.150,14.05.2019 08:18,2,Trojan-Downloader.Win32.Goo
134.119.206.191,06.06.2019 09:32,2,Trojan-Downloader.Win32.Goo
185.2.81.21,14.05.2019 08:44,2,Trojan-Downloader.Win32.Goo
92.42.106.171,04.06.2019 16:44,2,Trojan-Downloader.Win32.Goo
134.119.214.179,06.06.2019 19:43,2,Trojan-Downloader.Win32.Goo
144.76.200.237,14.05.2019 08:18,2,Trojan-Downloader.Win32.Goo
78.46.76.121,14.05.2019 08:18,2,Trojan-Downloader.Win32.Goo
176.9.40.163,14.05.2019 08:18,2,Trojan-Downloader.Win32.Goo
151.106.0.201,12.06.2019 21:05,2,Trojan-Downloader.Win32.Goo
134.119.207.241,04.06.2019 16:44,2,Trojan-Downloader.Win32.Goo
144.76.165.236,14.05.2019 08:18,2,Trojan-Downloader.Win32.Goo
praxisjr.com.br,20.01.2014 20:00,2,CnC.Win32.Generic
31.220.2.200,24.05.2018 12:52,2,Backdoor.Win32.Remcos
134.119.179.225,06.06.2019 09:32,2,Trojan-Downloader.Win32.Goo
5.9.23.76,14.05.2019 08:18,2,Trojan-Downloader.Win32.Goo
realcevidros.com.br,15.11.2014 23:47,2,Trojan-Spy.Win32.Zbot
caritas.org.ro,03.07.2014 03:15,2,Trojan-Spy.Win32.Zbot
134.119.191.123,31.05.2019 12:13,2,Trojan-Downloader.Win32.Goo
spimports.com.br,22.01.2019 06:38,2,Trojan-Spy.Win32.SpyEyes
blcartuchos.com.br,10.06.2015 19:37,2,Trojan-Spy.Win32.Zbot
185.136.158.83,12.06.2019 20:38,2,Trojan-Downloader.Win32.Goo
dogaltas.gen.tr,26.06.2014 11:22,2,Trojan-Spy.Win32.Zbot
businessconnection.com.br,10.06.2015 00:04,2,Trojan-Spy.Win32.Zbot
casasxavier.com.br,07.05.2013 13:54,2,Trojan-Spy.Win32.Zbot
focus.tula.su,02.04.2018 19:00,2,CnC.Win32.Generic
51.38.146.97,01.04.2019 20:12,2,Trojan-Banker.Win32.Trickster
ikc.com.br,26.03.2013 13:52,2,Backdoor.Win32.Mutopy
51.15.231.96,29.11.2018 23:57,2,Trojan-Spy.Win32.Stealer
51.15.242.208,14.11.2018 20:36,2,Trojan-PSW.Win32.Azorult
51.15.215.51,25.10.2018 17:42,2,Trojan-PSW.Win32.Azorult
51.15.142.235,06.12.2018 13:02,2,Trojan-Spy.Win32.Stealer
clickrate.com.au,03.07.2013 08:26,2,CnC.Win32.Generic
wbassessoriaeconsultoria.com.br,22.11.2013 10:26,2,CnC.Win32.Generic
hicham9risa.duckdns.org,11.07.2018 10:09,2,Trojan-Dropper.VBS.SDrop
mitratani27.co.id,15.05.2019 03:42,2,Trojan-PSW.Win32.Coins
195.123.210.61,03.06.2018 15:09,2,Backdoor.MSIL.Bladabindi
multi.dcgamenetwork.com,12.11.2011 21:56,2,Backdoor.Win32.Shiz
112.126.94.107,19.06.2018 09:27,2,Backdoor.Win32.IRCBot
lolokamal.zapto.org,20.06.2017 05:26,2,Backdoor.MSIL.Bladabindi
lovetime.ru.com,01.08.2018 14:26,2,CnC.Win32.Generic
crsky.womendouyiyang.com,23.02.2018 12:33,2,Trojan.Win32.Agent
dpi-print.com.sg,18.02.2014 18:56,2,CnC.Win32.Generic
poketrytadek.cn.com,24.11.2017 05:08,2,Trojan-Spy.Win32.Zbot
hamperincentives.co.uk,26.11.2013 11:17,2,CnC.Win32.Generic
88.214.207.83,23.02.2019 10:14,2,Trojan-Ransom.Win32.Blocker
pastagogo.com.au,05.04.2019 18:16,2,Trojan-PSW.Win32.Coins
87.120.37.235,26.03.2019 00:28,2,Backdoor.Win32.IRCBot
136.243.64.23,27.05.2019 15:47,2,Trojan-Downloader.Win32.Goo
a.deltaheavy.ru,18.03.2019 09:59,2,Backdoor.Win32.Androm
au.co.th,29.07.2014 11:21,2,Trojan-Spy.Win32.Zbot
racecarengineering.com.au,31.01.2014 20:09,2,CnC.Win32.Generic
cellinis.net.au,20.03.2015 03:39,2,Backdoor.Win32.Napolar
pivetamaqfer.com.br,23.11.2014 00:13,2,Trojan-Spy.Win32.Zbot
sociopuan.com.ar,29.01.2014 18:09,2,CnC.Win32.Generic
enablelink.co.uk,20.11.2013 12:37,2,CnC.Win32.Generic
nanoprotech.com.ua,17.03.2014 04:23,2,Trojan-Spy.Win32.Zbot
massagemtantricajardins.com.br,19.09.2013 22:17,2,CnC.Win32.Generic
phpads.outrageouscreations.biz,01.09.2014 19:18,2,Worm.Win32.Ngrbot
menumaterno.com.br,17.02.2014 16:19,2,CnC.Win32.Generic
hcserver.com.br,18.07.2013 07:43,2,Trojan-Spy.Win32.Zbot
markebrae.com.br,19.03.2015 09:59,2,Trojan-Spy.Win32.Zbot
158.69.128.106,05.06.2018 04:48,2,Trojan.Win32.Kovter
158.69.128.107,05.06.2018 04:48,2,Trojan.Win32.Kovter
158.69.128.104,30.05.2018 17:15,2,Trojan.Win32.Kovter
158.69.128.105,30.05.2018 17:15,2,Trojan.Win32.Kovter
107.181.187.132,13.03.2018 07:54,2,Trojan.Win32.Scar
businessnames49.4irc.com,10.08.2017 12:15,2,Backdoor.Win32.Mokes
businessnames47.4irc.com,10.08.2017 12:15,2,Backdoor.Win32.Mokes
businessnames48.4irc.com,10.08.2017 12:15,2,Backdoor.Win32.Mokes
businessnames46.4irc.com,10.08.2017 12:15,2,Backdoor.Win32.Mokes
businessnames45.4irc.com,10.08.2017 12:15,2,Backdoor.Win32.Mokes
businessnames44.4irc.com,10.08.2017 12:15,2,Backdoor.Win32.Mokes
businessnames42.4irc.com,10.08.2017 12:15,2,Backdoor.Win32.Mokes
businessnames43.4irc.com,10.08.2017 12:15,2,Backdoor.Win32.Mokes
businessnames39.4irc.com,10.08.2017 12:15,2,Backdoor.Win32.Mokes
businessnames34.4irc.com,10.08.2017 12:15,2,Backdoor.Win32.Mokes
businessnames33.4irc.com,10.08.2017 12:15,2,Backdoor.Win32.Mokes
businessnames32.4irc.com,10.08.2017 12:15,2,Backdoor.Win32.Mokes
businessnames30.4irc.com,10.08.2017 12:15,2,Backdoor.Win32.Mokes
businessnames31.4irc.com,10.08.2017 12:15,2,Backdoor.Win32.Mokes
businessnames29.4irc.com,10.08.2017 12:15,2,Backdoor.Win32.Mokes
businessnames28.4irc.com,10.08.2017 12:15,2,Backdoor.Win32.Mokes
businessnames27.4irc.com,10.08.2017 12:15,2,Backdoor.Win32.Mokes
businessnames25.4irc.com,10.08.2017 12:15,2,Backdoor.Win32.Mokes
businessnames26.4irc.com,10.08.2017 12:15,2,Backdoor.Win32.Mokes
businessnames23.4irc.com,10.08.2017 12:15,2,Backdoor.Win32.Mokes
businessnames24.4irc.com,10.08.2017 12:15,2,Backdoor.Win32.Mokes
businessnames15.4irc.com,10.08.2017 12:15,2,Backdoor.Win32.Mokes
businessnames16.4irc.com,10.08.2017 12:15,2,Backdoor.Win32.Mokes
businessnames14.4irc.com,10.08.2017 12:15,2,Backdoor.Win32.Mokes
businessnames12.4irc.com,10.08.2017 12:15,2,Backdoor.Win32.Mokes
businessnames13.4irc.com,10.08.2017 12:15,2,Backdoor.Win32.Mokes
businessnames11.4irc.com,10.08.2017 12:15,2,Backdoor.Win32.Mokes
businessnames10.4irc.com,10.08.2017 12:15,2,Backdoor.Win32.Mokes
businessnames9.4irc.com,10.08.2017 12:15,2,Backdoor.Win32.Mokes
businessnames8.4irc.com,10.08.2017 12:15,2,Backdoor.Win32.Mokes
businessnames7.4irc.com,10.08.2017 12:15,2,Backdoor.Win32.Mokes
businessnames6.4irc.com,10.08.2017 12:15,2,Backdoor.Win32.Mokes
businessnames100.4irc.com,10.08.2017 12:15,2,Backdoor.Win32.Mokes
businessnames85.4irc.com,10.08.2017 12:15,2,Backdoor.Win32.Mokes
businessnames84.4irc.com,10.08.2017 12:15,2,Backdoor.Win32.Mokes
businessnames82.4irc.com,10.08.2017 12:15,2,Backdoor.Win32.Mokes
businessnames83.4irc.com,10.08.2017 12:15,2,Backdoor.Win32.Mokes
samurmakina.com.tr,23.08.2018 13:37,2,CnC.Win32.Generic
businessnames80.4irc.com,10.08.2017 12:15,2,Backdoor.Win32.Mokes
businessnames79.4irc.com,10.08.2017 12:15,2,Backdoor.Win32.Mokes
businessnames72.4irc.com,10.08.2017 12:15,2,Backdoor.Win32.Mokes
businessnames73.4irc.com,10.08.2017 12:15,2,Backdoor.Win32.Mokes
businessnames71.4irc.com,10.08.2017 12:15,2,Backdoor.Win32.Mokes
businessnames70.4irc.com,10.08.2017 12:15,2,Backdoor.Win32.Mokes
businessnames68.4irc.com,10.08.2017 12:15,2,Backdoor.Win32.Mokes
businessnames69.4irc.com,10.08.2017 12:15,2,Backdoor.Win32.Mokes
businessnames62.4irc.com,10.08.2017 12:15,2,Backdoor.Win32.Mokes
businessnames60.4irc.com,10.08.2017 12:15,2,Backdoor.Win32.Mokes
businessnames61.4irc.com,10.08.2017 12:15,2,Backdoor.Win32.Mokes
businessnames56.4irc.com,10.08.2017 12:15,2,Backdoor.Win32.Mokes
businessnames50.4irc.com,10.08.2017 12:15,2,Backdoor.Win32.Mokes
businessnames51.4irc.com,10.08.2017 12:15,2,Backdoor.Win32.Mokes
businessnames41.4irc.com,10.08.2017 12:15,2,Backdoor.Win32.Mokes
businessnames40.4irc.com,10.08.2017 12:15,2,Backdoor.Win32.Mokes
nononono.ddns.net,10.10.2017 17:55,2,Trojan-Spy.MSIL.Downeks
businessnames37.4irc.com,10.08.2017 12:15,2,Backdoor.Win32.Mokes
businessnames22.4irc.com,10.08.2017 12:15,2,Backdoor.Win32.Mokes
businessnames21.4irc.com,10.08.2017 12:15,2,Backdoor.Win32.Mokes
businessnames99.4irc.com,10.08.2017 12:15,2,Backdoor.Win32.Mokes
businessnames98.4irc.com,10.08.2017 12:15,2,Backdoor.Win32.Mokes
businessnames97.4irc.com,10.08.2017 12:15,2,Backdoor.Win32.Mokes
businessnames95.4irc.com,10.08.2017 12:15,2,Backdoor.Win32.Mokes
businessnames96.4irc.com,10.08.2017 12:15,2,Backdoor.Win32.Mokes
businessnames93.4irc.com,10.08.2017 12:15,2,Backdoor.Win32.Mokes
businessnames94.4irc.com,10.08.2017 12:15,2,Backdoor.Win32.Mokes
businessnames88.4irc.com,10.08.2017 12:15,2,Backdoor.Win32.Mokes
businessnames92.4irc.com,10.08.2017 12:15,2,Backdoor.Win32.Mokes
businessnames89.4irc.com,10.08.2017 12:15,2,Backdoor.Win32.Mokes
businessnames87.4irc.com,10.08.2017 12:15,2,Backdoor.Win32.Mokes
businessnames86.4irc.com,10.08.2017 12:15,2,Backdoor.Win32.Mokes
businessnames81.4irc.com,10.08.2017 12:15,2,Backdoor.Win32.Mokes
businessnames76.4irc.com,10.08.2017 12:15,2,Backdoor.Win32.Mokes
businessnames74.4irc.com,10.08.2017 12:15,2,Backdoor.Win32.Mokes
businessnames67.4irc.com,10.08.2017 12:15,2,Backdoor.Win32.Mokes
businessnames64.4irc.com,10.08.2017 12:15,2,Backdoor.Win32.Mokes
businessnames58.4irc.com,10.08.2017 12:15,2,Backdoor.Win32.Mokes
businessnames59.4irc.com,10.08.2017 12:15,2,Backdoor.Win32.Mokes
businessnames52.4irc.com,10.08.2017 12:15,2,Backdoor.Win32.Mokes
businessnames38.4irc.com,10.08.2017 12:15,2,Backdoor.Win32.Mokes
businessnames36.4irc.com,10.08.2017 12:15,2,Backdoor.Win32.Mokes
businessnames35.4irc.com,10.08.2017 12:15,2,Backdoor.Win32.Mokes
patriciodemario.com.ar,21.07.2014 07:43,2,Trojan-Spy.Win32.Zbot
businessnames75.4irc.com,10.08.2017 12:15,2,Backdoor.Win32.Mokes
businessnames65.4irc.com,10.08.2017 12:15,2,Backdoor.Win32.Mokes
businessnames66.4irc.com,10.08.2017 12:15,2,Backdoor.Win32.Mokes
businessnames55.4irc.com,10.08.2017 12:15,2,Backdoor.Win32.Mokes
businessnames54.4irc.com,10.08.2017 12:15,2,Backdoor.Win32.Mokes
businessnames53.4irc.com,10.08.2017 12:15,2,Backdoor.Win32.Mokes
businessnames20.4irc.com,10.08.2017 12:15,2,Backdoor.Win32.Mokes
businessnames17.4irc.com,10.08.2017 12:15,2,Backdoor.Win32.Mokes
businessnames90.4irc.com,10.08.2017 12:15,2,Backdoor.Win32.Mokes
fotosefestas.com.br,16.11.2013 11:27,2,CnC.Win32.Generic
businessnames63.4irc.com,10.08.2017 12:15,2,Backdoor.Win32.Mokes
193.201.224.233,18.10.2018 18:09,2,Trojan-DDoS.Linux.Agent
s-k.kiev.ua,10.10.2014 05:02,2,Trojan-Spy.Win32.Zbot
163.172.165.4,26.02.2019 01:57,2,Trojan-PSW.Win32.Coins
163.172.165.119,24.10.2018 20:11,2,Trojan-PSW.Win32.Coins
semeandoluz.com.br,10.06.2014 08:35,2,Trojan-Spy.Win32.Zbot
45.33.120.75,01.06.2018 10:46,2,CnC.Win32.Generic
45.33.0.123,01.06.2018 10:40,2,CnC.Win32.Generic
juvesa.com.br,14.08.2018 00:33,2,Worm.VBS.Dinihou
92.63.197.59,16.03.2018 18:54,2,Trojan-Banker.Win32.NeutrinoPOS
degobu3.000webhostapp.com,12.05.2019 08:15,2,Backdoor.MSIL.Bladabindi
107.175.38.101,06.08.2017 18:32,2,Backdoor.MSIL.Bladabindi
nblandscapers.com.au,26.06.2015 18:07,2,Trojan-Ransom.Win32.Cryptodef
sfpanda.com.ar,07.05.2013 12:09,2,Trojan-Spy.Win32.Zbot
fullcase.com.br,17.09.2014 04:56,2,Trojan-Spy.Win32.Zbot
bigfish58.mine.nu,15.10.2018 07:46,2,Backdoor.Win32.Poison
c2klogistics.com.ph,23.01.2013 12:59,2,CnC.Win32.Generic
derlon.com.br,17.04.2014 08:25,2,CnC.Win32.Generic
kleaners.co.uk,12.08.2014 10:52,2,Trojan-Spy.Win32.Zbot
businessnames18.4irc.com,10.08.2017 12:15,2,Backdoor.Win32.Mokes
businessnames91.4irc.com,10.08.2017 12:15,2,Backdoor.Win32.Mokes
45.79.177.230,01.06.2018 10:46,2,CnC.Win32.Generic
45.79.180.126,01.06.2018 10:46,2,CnC.Win32.Generic
45.79.222.163,01.06.2018 10:46,2,CnC.Win32.Generic
45.79.172.142,01.06.2018 10:46,2,CnC.Win32.Generic
45.79.179.161,01.06.2018 10:46,2,CnC.Win32.Generic
45.79.77.161,01.06.2018 10:46,2,CnC.Win32.Generic
45.79.151.241,01.06.2018 10:46,2,CnC.Win32.Generic
45.33.125.188,01.06.2018 10:46,2,CnC.Win32.Generic
45.33.0.176,01.06.2018 10:46,2,CnC.Win32.Generic
45.79.171.160,01.06.2018 10:46,2,CnC.Win32.Generic
45.79.146.48,01.06.2018 10:46,2,CnC.Win32.Generic
costanetocontabil.com.br,20.11.2013 12:37,2,CnC.Win32.Generic
eltriunfo.com.mx,11.07.2013 13:29,2,Trojan-Spy.Win32.Zbot
businessnames78.4irc.com,10.08.2017 12:15,2,Backdoor.Win32.Mokes
businessnames77.4irc.com,10.08.2017 12:15,2,Backdoor.Win32.Mokes
businessnames57.4irc.com,10.08.2017 12:15,2,Backdoor.Win32.Mokes
mcmusinagem.com.br,29.07.2015 22:45,2,Trojan-Spy.Win32.Zbot
engeforpavimentacao.com.br,03.02.2014 19:21,2,CnC.Win32.Generic
lcit.org.uk,22.06.2015 09:10,2,Trojan-Spy.Win32.Zbot
62.141.94.107,23.08.2018 11:04,2,Trojan-Banker.Win32.Trickster
policomp.com.br,18.11.2014 06:47,2,Trojan-Spy.Win32.Zbot
ce47086.tmweb.ru,13.02.2019 12:56,2,Trojan-Spy.Win32.Stealer
oil.duncan-plumbing.com,22.05.2019 21:19,2,Trojan-Downloader.Script.SLoad
west.prodigyprinting.com,23.04.2019 21:51,2,Trojan-Downloader.Script.SLoad
51.15.229.115,15.03.2019 11:13,2,Trojan-PSW.Win32.Kpot
85.143.218.50,01.04.2019 20:57,2,Trojan-Banker.Win32.Trickster
85.143.217.32,05.01.2019 09:18,2,Trojan-Banker.Win32.Trickster
85.143.220.14,26.11.2018 08:49,2,Trojan-Banker.Win32.Trickster
ldesing.com.br,09.09.2014 08:26,2,Trojan-Spy.MSIL.Banker
cerel.com.br,28.04.2015 18:41,2,Trojan-Spy.Win32.Zbot
datinet.co.il,19.12.2013 16:45,2,Worm.VBS.Dinihou
plantationprofitplanner.com.au,29.01.2014 18:09,2,CnC.Win32.Generic
proxy.us.pl,13.12.2012 13:43,2,Trojan.Win32.IRCbot
nacionalengenharia.com.br,27.09.2012 04:55,2,Trojan-Spy.MSIL.Banker
37.1.208.100,08.03.2019 13:42,2,Backdoor.Win32.Remcos
travelscapes.co.in,07.01.2013 00:22,2,Trojan-Spy.Win32.Zbot
approvi.com.br,30.11.2014 03:33,2,Trojan-Spy.Win32.Zbot
77.220.64.57,27.11.2017 11:08,2,Trojan.Win32.Dovs
atik.co.il,11.09.2013 16:54,2,CnC.Win32.Generic
90.153.255.233,16.04.2019 06:46,2,Backdoor.Win32.Androm
condopro.com.br,02.02.2015 06:08,2,Trojan-Spy.Win32.Zbot
lazeez.co.in,23.06.2015 05:49,2,Trojan-Spy.Win32.Zbot
oriontronproject.site11.com,04.06.2019 22:13,2,Email-Worm.Win32.Runouce
registrofiscal.com.br,24.01.2019 01:26,2,Trojan-Downloader.Win32.Agent
alvoportas.com.br,01.11.2017 14:21,2,CnC.Win32.Generic
apprepairs.co.uk,13.11.2013 14:38,2,CnC.Win32.Generic
b.12thegamejuststarted10k12.com,10.06.2015 12:01,2,Trojan.Win32.Neurevt
111.90.150.78,23.02.2019 00:09,2,Trojan-Downloader.MSOffice.SLoad
104.243.42.18,08.09.2018 13:59,2,Trojan.Win32.Kovter
mtd.com.vn,28.04.2015 18:41,2,Trojan-Spy.Win32.Zbot
opencart.com.br,29.07.2014 11:21,2,Trojan-Spy.Win32.Zbot
actionlaser.com.au,10.11.2013 16:46,2,Trojan-Spy.Win32.Zbot
cynarasistemas.com.ar,14.05.2013 06:06,2,Trojan-Spy.Win32.Zbot
82.202.167.194,02.01.2019 15:56,2,Backdoor.MSIL.Bladabindi
gopina.com.br,17.04.2014 08:25,2,CnC.Win32.Generic
parafusosflecha.com.br,07.03.2014 12:13,2,CnC.Win32.Generic
89.223.89.122,21.05.2019 15:28,2,CnC.Win32.Generic
89.223.93.110,30.04.2019 10:31,2,Trojan-Banker.Win32.Trickster
89.223.93.12,02.03.2019 07:36,2,Trojan-Banker.Win32.Trickster
89.223.27.211,14.05.2019 11:58,2,Trojan-Banker.Win32.Trickster
ppgbma.ufscar.br,05.11.2014 06:38,2,Trojan.Win32.Generic
81.2.245.28,11.10.2017 11:41,2,CnC.Win32.Generic
atargs.com.br,21.01.2015 18:48,2,Trojan.Win32.Neurevt
185.143.221.14,21.12.2018 15:36,2,Trojan.MSOffice.SAgent
fazedordesite.com.br,20.05.2014 09:56,2,Trojan-Spy.Win32.Zbot
informationspecialties.altervista.org,06.05.2015 18:18,2,CnC.Win32.Generic
hearttoheart.com.sg,05.11.2013 08:25,2,Trojan-Spy.Win32.Zbot
217.107.219.50,14.05.2019 10:37,2,Trojan-Banker.Win32.Trickster
bugin.com.au,03.07.2014 01:50,2,Trojan-Spy.Win32.Zbot
dgglass.com.br,17.04.2014 08:25,2,CnC.Win32.Generic
217.107.34.241,14.05.2019 11:57,2,Trojan-Banker.Win32.Trickster
185.205.210.205,04.02.2019 16:27,2,Trojan.Multi.Powecod
bhuwant.com.np,02.08.2013 10:33,2,CnC.Win32.Generic
193.32.161.69,01.04.2019 16:19,2,Trojan-Downloader.Win32.Deyma
axenta.dynu.net,17.11.2018 20:46,2,Trojan.MSIL.Disfa
mastercarpr.com.br,08.01.2015 21:22,2,Trojan.Win32.Generic
host.pdns.cz,24.10.2017 09:52,2,Backdoor.Win32.Mokes
cdn.labzires.info,01.11.2018 13:59,2,Trojan.AndroidOS.Boogr
115.85.76.94,21.12.2018 08:39,2,Trojan-Banker.Win32.Trickster
kinggeorge.co.il,22.11.2013 10:26,2,CnC.Win32.Generic
manaphirdavat.com.tr,13.05.2014 10:21,2,Trojan-Spy.Win32.Zbot
southsideairconditioning.com.au,17.03.2014 22:15,2,CnC.Win32.Generic
gerbosport.com.ar,09.08.2013 12:35,2,CnC.Win32.Generic
ezequielambrosio.com.br,13.10.2014 10:50,2,Trojan-Spy.Win32.Zbot
bc.confhz.space,29.05.2019 00:41,2,Trojan.AndroidOS.Agent
37.139.12.136,07.02.2019 10:33,2,CnC.Win32.Generic
ascottconsultants.com.ph,03.01.2015 09:57,2,Trojan-Spy.Win32.Zbot
192.3.118.123,09.08.2018 12:59,2,CnC.Win32.Generic
jornalarua.com.br,05.05.2014 19:36,2,Trojan.Win32.Generic
185.176.221.29,14.06.2018 12:53,2,CnC.Win32.Generic
37.139.7.229,16.04.2019 17:17,2,Trojan.Script.Agent
217.8.117.13,16.03.2019 11:53,2,Backdoor.MSIL.Agent
bracetech.co.kr,02.04.2013 09:15,2,Backdoor.Win32.Mutopy
ens.co.rs,04.06.2014 00:36,2,Trojan-Spy.Win32.Zbot
45.32.94.55,06.12.2017 09:40,2,CnC.Win32.Generic
sweebeteam.mcdir.ru,13.01.2019 01:26,2,Trojan-Spy.MSIL.Stealer
anonymous-0.no-ip.biz,14.10.2013 20:02,2,Trojan.Win32.Llac
agendaspersonalizadas.ind.br,28.11.2013 03:20,2,CnC.Win32.Generic
120.25.241.243,18.02.2018 06:31,2,Trojan.Win32.Yakes
keximvlc.com.vn,22.03.2013 15:48,2,CnC.Win32.Generic
43.225.159.131,10.12.2018 14:50,2,Trojan.Win64.Shelma
api7.wipmania.com.wipmsc.ru,16.01.2014 21:05,2,Worm.Win32.Ngrbot
78.186.5.109,24.04.2019 17:27,2,Trojan-Banker.Win32.Emotet
200.123.150.89,10.12.2018 18:15,2,Trojan-Banker.Win32.Emotet
85.105.205.77,05.03.2019 20:41,2,Trojan-Banker.Win32.Emotet
pilo-raouf.no-ip.biz,06.08.2015 08:13,2,Trojan.Win32.Llac
bestbuyautos.com.au,09.10.2013 17:25,2,CnC.Win32.Generic
lingkaran.com.my,11.12.2018 15:30,2,Backdoor.Win32.Androm
ata-rh.com.br,16.01.2014 13:44,2,CnC.Win32.Generic
haroldparkhotel.com.au,18.08.2014 12:03,2,Trojan-Spy.Win32.Zbot
marcellusrecepcoes.com.br,22.08.2013 20:34,2,CnC.Win32.Generic
193.32.161.77,28.05.2019 09:04,2,Trojan.Win32.Scar
todoportugues.com.ar,24.02.2014 19:52,2,CnC.Win32.Generic
wamp.servehttp.com,12.02.2019 20:59,2,Backdoor.MSIL.Bladabindi
justfor.ddns.net,28.02.2019 02:04,2,Backdoor.MSIL.Bladabindi
118.69.71.14,04.07.2016 12:12,2,Trojan-Banker.Win32.Emotet
185.92.74.19,07.04.2019 23:36,2,Trojan-Banker.AndroidOS.Anubis
rizambesi.com.au,21.08.2015 01:33,2,Trojan-Downloader.Win32.Upatre
animalcia.com.br,04.06.2014 20:02,2,Backdoor.Win32.Napolar
115.159.131.193,06.09.2018 05:24,2,Trojan-Dropper.AndroidOS.Penguin
belriofm.com.br,11.02.2015 16:42,2,Trojan.Win32.Generic
epcvl.com.br,18.04.2014 05:44,2,Trojan-Spy.Win32.Zbot
netstart.co.za,24.12.2013 21:39,2,CnC.Win32.Generic
90.150.189.92,17.04.2019 02:28,2,Trojan.Win32.Kovter
ecoquimicars.ind.br,22.06.2014 18:43,2,Trojan-Spy.Win32.Zbot
194.63.143.226,05.04.2019 20:59,2,Backdoor.Win32.Mokes
51.15.206.141,02.03.2019 05:57,2,Trojan-PSW.Win32.Coins
helenageiger.com.au,23.09.2013 16:09,2,CnC.Win32.Generic
ipclasalle.edu.mx,23.11.2012 21:35,2,Trojan-Spy.Win32.Zbot
pthouse.co.th,11.08.2014 14:19,2,Trojan-Spy.Win32.Zbot
109.203.100.122,20.01.2016 17:07,2,Backdoor.Win32.Androm
192.81.222.249,16.04.2019 16:53,2,Trojan.MSOffice.Stratos
82.196.6.218,16.04.2019 17:18,2,Trojan.Script.Agent
jadema.com.py,04.04.2019 12:54,2,Trojan.Win32.Scar
aspectdesigns.com.au,25.01.2016 13:55,2,Trojan-Ransom.Win32.Cryptodef
109.199.231.116,19.09.2018 07:57,2,Trojan-Banker.Win32.Trickster
fccascavel.com.br,18.12.2013 17:36,2,CnC.Win32.Generic
185.192.109.223,14.05.2019 10:37,2,Trojan-Banker.Win32.Trickster
updatechrome.duckdns.org,22.01.2015 23:22,2,Backdoor.Win32.Hupigon
matheusprado.com.br,22.06.2015 01:59,2,Trojan-Ransom.Win32.Cryptodef
autoitest.altervista.org,17.05.2013 23:08,2,CnC.Win32.Generic
ines0049.ddns.net,18.12.2015 22:48,2,Trojan.MSIL.Zapchast
redepandehoteis.com.br,10.02.2015 22:31,2,Trojan-Spy.Win32.Zbot
ibnossolar.org.br,01.10.2013 15:11,2,CnC.Win32.Generic
buja.org.il,02.04.2015 04:50,2,Trojan-Spy.Win32.Zbot
pkmg.co.in,29.09.2014 09:00,2,Trojan-PSW.Win32.Chisburg
xserver.mr-alex.be,09.04.2018 18:49,2,Trojan-Spy.MSIL.Downeks
update.wipmania.com.raulhost.ru,16.09.2014 16:32,2,Worm.Win32.Ngrbot
apollo-healthcare.com.sg,14.09.2013 00:27,2,Trojan-Spy.Win32.Zbot
219.74.237.49,16.05.2019 23:12,2,Trojan.Win32.Generic
zenithadmin.com.au,22.12.2014 20:49,2,Trojan-Spy.Win32.Zbot
ecobags.co.za,18.07.2015 02:48,2,Trojan-Spy.Win32.Zbot
apis.sunlight-leds.com,30.10.2018 13:33,2,Trojan.AndroidOS.Piom
bps-plumbing.co.uk,29.12.2014 15:10,2,Trojan-Spy.Win32.Zbot
play.xhxt2016.com,30.10.2018 13:33,2,Trojan.AndroidOS.Piom
103.195.103.253,30.05.2018 18:12,2,Trojan.Win32.Kovter
ylds.co.za,16.02.2013 17:15,2,Trojan-FakeAV.Win32.SmartFortress2012
185.140.53.226,19.05.2019 16:51,2,Backdoor.MSIL.NanoBot
radiolouvoreterno.com.br,24.10.2013 08:41,2,Trojan-Spy.Win32.Zbot
195.123.239.86,14.05.2019 10:37,2,Trojan-Banker.Win32.Trickster
clinicadrneto.com.br,20.10.2014 14:01,2,Trojan-Spy.Win32.Zbot
infoal.com.br,21.02.2013 18:56,2,Backdoor.Win32.Mutopy
masterfabrics.com.pk,10.02.2013 15:45,2,Backdoor.Win32.Androm
54.38.206.174,16.04.2019 22:19,2,Trojan-Banker.Win32.Trickster
185.74.252.15,11.03.2019 02:30,2,Trojan-PSW.Win32.Coins
two.nameapp.xyz,09.06.2019 21:07,2,Trojan.AndroidOS.Hiddapp
72.47.248.48,17.01.2019 17:33,2,Trojan-Banker.Win32.Emotet
detudonanet.com.br,25.11.2014 09:18,2,Trojan-Spy.Win32.Zbot
kwiatpaproci.mazury.pl,09.08.2015 23:50,2,Trojan-Ransom.Win32.Cryptodef
51.15.113.55,12.02.2019 02:56,2,Trojan-PSW.Win32.Coins
117.50.43.19,02.06.2019 04:57,2,Trojan.Win32.Kovter
amblecote.dudley.sch.uk,11.12.2014 05:40,2,Trojan-Spy.Win32.Zbot
mrace.no-ip.info,27.03.2012 20:53,2,Backdoor.Win32.Hupigon
r1.reportbox1.info,01.02.2013 21:49,2,Trojan-PSW.Win32.Chisburg
lifesgood.com.my,13.04.2015 17:16,2,Trojan-Spy.Win32.Zbot
31.179.135.186,17.05.2019 07:10,2,Trojan-Banker.Win32.Emotet
drmorris.com.br,14.07.2015 09:07,2,Trojan-Spy.Win32.Zbot
nativafertilizantes.com.br,30.09.2012 20:53,2,Trojan-Spy.MSIL.Banker
favela.com.mx,23.07.2013 09:04,2,CnC.Win32.Generic
slcsc.co.uk,12.09.2011 17:33,2,Net-Worm.Win32.Koobface
sapeixoto.com.br,20.03.2014 18:20,2,Trojan-Spy.Win32.Zbot
random.ddns.net,21.01.2019 10:38,2,Backdoor.Win32.Remcos
api-tigger.1032z.com,30.03.2019 07:00,2,Backdoor.MSIL.Bladabindi
77.56.253.112,24.04.2019 17:26,2,Trojan-Banker.Win32.Emotet
cs-faru-team.at.ua,28.03.2013 21:11,2,CnC.Win32.Generic
lawnmasters.com.au,01.11.2013 07:39,2,CnC.Win32.Generic
178.128.50.96,08.11.2018 06:27,2,CnC.Win32.Generic
185.62.188.53,20.11.2018 05:06,2,Trojan-PSW.Win32.Coins
anzi.com.mk,17.02.2014 16:19,2,CnC.Win32.Generic
caraiva.tur.br,17.04.2014 08:25,2,CnC.Win32.Generic
psy-analyse.com.ua,13.08.2014 09:40,2,Trojan-Spy.Win32.Zbot
biznesdlaciebie.com.pl,02.02.2015 11:17,2,Trojan-Spy.Win32.Zbot
housepreview.com.br,22.04.2015 03:30,2,Trojan-Spy.Win32.Zbot
trojaner.ddns.net,14.10.2017 02:44,2,Trojan.Win32.Llac
195.245.112.115,02.01.2019 06:59,2,Backdoor.Win32.Androm
bdavies.co.za,10.08.2015 05:29,2,Trojan-Spy.Win32.Zbot
222.186.20.43,11.11.2018 13:23,2,Backdoor.Win32.Androm
kct.com.my,25.09.2014 04:28,2,Trojan-Spy.Win32.Zbot
136.243.107.242,23.05.2019 12:56,2,Trojan-Downloader.Win32.Goo
dhuma.com.br,03.12.2014 07:16,2,Trojan-Spy.Win32.Zbot
thefrag.com.au,01.12.2012 20:15,2,Trojan-Spy.Win32.Zbot
teseassessoria.com.br,17.03.2014 23:16,2,CnC.Win32.Generic
amgconstructions.com.au,21.11.2018 11:50,2,Trojan-PSW.Win32.Fareit
95.81.1.43,15.05.2019 03:42,2,Trojan-Ransom.Win32.Blocker
94.156.133.65,05.05.2019 15:46,2,Backdoor.Win32.IRCBot
200.122.209.78,10.04.2019 05:37,2,Trojan-Banker.Win32.Trickster
hartrite.com.au,28.06.2013 15:39,2,CnC.Win32.Generic
temperline.com.br,30.09.2014 04:29,2,Trojan-Spy.Win32.Zbot
planificaeventos.com.ar,17.02.2014 16:19,2,CnC.Win32.Generic
roadsofromania.francu.com,26.07.2012 01:53,2,Trojan-Spy.Win32.Zbot
steinerstairs.com.au,17.02.2015 00:18,2,Trojan-Spy.Win32.Zbot
produtosprofissionais.com.br,17.04.2019 21:11,2,Trojan-PSW.Win32.Coins
187.190.249.230,24.09.2018 18:48,2,Trojan-Banker.Win32.Trickster
senotrix.co.uk,13.03.2019 01:07,2,Backdoor.Win32.Androm
ssp3.ilawa.pl,30.09.2013 17:04,2,CnC.Win32.Generic
crestech.co.in,28.10.2014 08:54,2,Trojan-Spy.Win32.Zbot
117.204.255.217,03.04.2019 13:51,2,Trojan-Banker.Win32.Trickster
information.ns01.biz,23.11.2018 09:31,2,Backdoor.Win32.DarkKomet
sbpv.org.br,07.06.2015 14:21,2,Trojan-Spy.Win32.Zbot
servicepcinfo.myddns.rocks,02.01.2019 21:54,2,Backdoor.MSIL.Bladabindi
195.123.233.133,23.05.2018 10:31,2,CnC.Win32.Generic
720-armour.com.au,16.02.2015 13:54,2,Trojan-Spy.Win32.Zbot
13147758520.474613024.com,10.12.2017 07:01,2,Trojan.Win32.Agent
sash.co.ua,17.12.2013 09:03,2,CnC.Win32.Generic
amap.euroinnov.eu,24.07.2012 15:19,2,Trojan-Spy.Win32.Zbot
pitstopbikespares.co.za,24.04.2019 11:48,2,Trojan-Banker.Win32.Banbra
45.167.129.185,02.04.2019 12:47,2,Trojan-Banker.Win32.Trickster
arkei.kl.com.ua,20.03.2019 19:06,2,Trojan-PSW.Win32.Coins
cy43568.tmweb.ru,22.02.2019 07:56,2,Trojan-Spy.Win32.Stealer
23.227.206.165,14.11.2018 08:39,2,Trojan-PSW.Win32.Coins
181.231.72.200,31.05.2019 17:43,2,Trojan-Banker.Win32.Emotet
103.201.150.209,27.04.2019 05:43,2,Trojan-Banker.Win32.Emotet
213.192.1.170,27.11.2017 11:07,2,Trojan.Win32.Dovs
ntdt.ddns.net,15.12.2015 18:29,2,Backdoor.MSIL.Bladabindi
176.9.145.137,14.05.2019 08:37,2,Trojan-Downloader.Win32.Goo
wiredmax.no-ip.org,29.08.2015 19:15,2,Worm.VBS.Dinihou
181.15.177.100,31.03.2019 02:57,2,Trojan.MSOffice.SAgent
85.132.96.242,26.04.2019 16:47,2,Trojan-Banker.Win32.Emotet
181.15.243.22,08.05.2019 10:16,2,Trojan-Banker.Win32.Emotet
181.39.134.122,09.05.2019 16:34,2,Trojan-Banker.Win32.Emotet
82.226.163.9,27.03.2019 10:59,2,Trojan-Banker.Win32.Emotet
189.196.140.187,01.05.2019 14:47,2,Trojan-Downloader.Script.SLoad
191.97.116.232,14.05.2019 14:09,2,Trojan-Banker.Win32.Emotet
175.107.200.27,27.04.2019 04:49,2,Trojan-Banker.Win32.Emotet
181.16.127.226,09.05.2019 16:34,2,Trojan.Win32.Generic
200.80.198.34,17.05.2019 18:52,2,Trojan-Banker.Win32.Emotet
181.211.130.109,17.05.2019 18:52,2,Trojan-Banker.Win32.Emotet
186.71.75.2,17.05.2019 18:34,2,Trojan-Banker.Win32.Emotet
80.0.106.83,17.05.2019 18:17,2,Trojan-Banker.Win32.Emotet
181.164.227.212,16.05.2019 16:54,2,Backdoor.Win32.Androm
190.147.12.71,17.05.2019 19:28,2,Trojan-Banker.Win32.Emotet
217.113.27.158,17.05.2019 06:42,2,Trojan-Banker.Win32.Emotet
187.242.204.142,14.05.2019 14:09,2,Trojan.MSOffice.SAgent
105.224.171.102,07.05.2019 22:22,2,Trojan-Banker.Win32.Emotet
201.251.229.37,08.05.2019 12:26,2,Trojan-Banker.Win32.Emotet
196.6.112.70,28.04.2019 13:18,2,Trojan-Banker.Win32.Emotet
181.110.239.26,13.05.2019 13:22,2,Trojan-Banker.Win32.Emotet
200.127.0.8,08.05.2019 10:57,2,Trojan-Banker.Win32.Emotet
181.199.151.19,24.04.2019 21:32,2,Trojan-Banker.Win32.Emotet
lotuspharmacy.com.mo,19.09.2013 15:12,2,CnC.Win32.Generic
80.53.57.146,25.05.2018 11:32,2,Trojan-Banker.Win32.Trickster
ssi.net.ph,29.10.2013 08:41,2,Trojan-Spy.Win32.Zbot
190.0.5.218,06.05.2019 00:26,2,Trojan-Banker.Win32.Trickster
relaxsoftina.000webhostapp.com,05.01.2019 23:15,2,Trojan-Spy.Win32.SpyEyes
92.63.104.14,22.05.2019 03:52,2,Trojan-Spy.Win32.Stealer
193.124.177.7,03.03.2019 16:00,2,Trojan-PSW.Win32.Predator
212.83.190.122,05.04.2018 15:07,2,CnC.Win32.Generic
92.53.104.152,24.12.2017 11:36,2,Trojan-Spy.Win32.Zbot
41.169.20.147,01.05.2019 15:56,2,Trojan-Banker.Win32.Emotet
185.235.131.214,19.04.2019 17:45,2,Trojan-Spy.MSIL.Stealer
104.16.246.76,19.05.2019 20:07,2,Trojan.Win32.Kovter
teixeirantenas.com.br,30.01.2015 11:06,2,Trojan-Spy.Win32.Zbot
81.177.139.110,14.05.2019 10:37,2,Trojan-Banker.Win32.Trickster
178.21.11.90,25.02.2019 13:24,2,Trojan-Downloader.Win32.Plurox
cf84089.tmweb.ru,02.03.2019 09:23,2,Trojan-Spy.Win32.Stealer
agsmecanica.com.br,18.03.2014 22:47,2,Trojan.Win32.Generic
64.44.51.108,14.05.2019 11:57,2,Trojan-Banker.Win32.Trickster
91.185.59.232,24.04.2019 06:36,2,Trojan.Win32.Kovter
chelseaclinic.com.sg,17.12.2013 09:03,2,CnC.Win32.Generic
adrians.com.br,18.09.2014 08:10,2,Trojan-Spy.MSIL.Banker
degobu4.000webhostapp.com,12.05.2019 08:15,2,Backdoor.MSIL.Bladabindi
i4y.chillycam.com,02.02.2013 12:30,2,Backdoor.Win32.Zegost
apkandro.duckdns.org,06.06.2017 13:32,2,Trojan.MSIL.Zapchast
get.confhz.space,01.06.2019 00:24,2,Trojan.AndroidOS.Agent
bahareth.com.sa,17.10.2013 06:45,2,CnC.Win32.Generic
116.118.114.242,10.05.2019 20:08,2,Trojan.Win32.Kovter
akasyapastanesi.com.tr,03.02.2015 13:42,2,Trojan-Spy.Win32.Zbot
airal.com.ua,25.02.2014 11:56,2,CnC.Win32.Generic
nitrogin3.zapto.org,05.03.2018 01:08,2,Trojan.MSIL.Zapchast
181.129.195.210,19.02.2019 22:04,2,Trojan-Banker.Win32.Trickster
78.142.29.110,12.09.2018 12:20,2,Backdoor.Linux.Mirai
l1tepool.ddns.net,05.08.2018 16:57,2,Backdoor.MSIL.Bladabindi
213.252.245.154,06.06.2019 20:36,2,Trojan.Win32.Generic
213.252.245.225,25.04.2019 14:01,2,Trojan-PSW.Win32.Coins
213.252.245.79,15.04.2019 16:37,2,Trojan-Spy.Win32.Agent
5.9.157.238,14.05.2019 08:37,2,Trojan-Downloader.Win32.Goo
31.220.2.120,11.03.2015 13:28,2,Trojan-Spy.Win32.SpyEyes
138.201.97.219,19.04.2019 02:26,2,Trojan.Win32.Kovter
tastiway.dyndns.org,12.06.2018 10:28,2,Backdoor.Win32.DarkKomet
manage.zowasel.com,21.11.2018 08:17,2,CnC.Win32.Generic
www1.gggatat456.com,08.05.2019 07:27,2,Trojan-DDoS.Linux.Agent
138.201.245.199,10.12.2016 14:25,2,Trojan-Banker.AndroidOS.Hqwar
edukka.com.br,10.05.2015 23:57,2,Trojan.Win32.Neurevt
104.243.42.19,05.07.2018 12:38,2,Trojan.Win32.Kovter
morrisshittu.linkpc.net,29.03.2018 14:56,2,Backdoor.MSIL.NanoBot
185.140.248.17,13.06.2019 17:22,2,CnC.Win32.Generic
46.30.41.186,05.02.2019 09:33,2,Trojan-Spy.Win32.Ursnif
e.googlex.me,27.04.2017 12:07,2,Backdoor.Win32.DarkKomet
kisar.co.in,27.09.2014 18:00,2,Trojan-Spy.Win32.Zbot
wildlife-galleries.co.uk,12.03.2014 19:07,2,CnC.Win32.Generic
45.58.135.106,26.10.2018 16:50,2,Trojan-Downloader.Win32.Agent
menainsaat.com.tr,29.10.2013 17:10,2,CnC.Win32.Generic
andinh.com.vn,23.08.2014 21:07,2,Trojan-Spy.Win32.Zbot
st.cloins.com,20.11.2014 15:40,2,CnC.Win32.Generic
136.243.117.85,10.04.2019 16:50,2,Trojan-Banker.Win32.Emotet
box.taxiatibaia.com.br,08.05.2019 08:47,2,Trojan.Win32.Agent
giramundoturismo.com.br,21.01.2013 15:56,2,Backdoor.Win32.ZAccess
sbenter.co.in,17.02.2014 16:19,2,CnC.Win32.Generic
185.212.128.156,08.06.2019 03:11,2,Trojan-PSW.Win32.Predator
iplocation.linkpc.net,30.07.2015 12:05,2,Trojan.MSIL.Snojan
95.183.12.151,06.12.2018 10:49,2,Trojan-Dropper.AndroidOS.Hqwar
95.183.13.183,20.11.2018 05:06,2,Trojan.AndroidOS.Boogr
95.183.13.146,24.11.2018 12:06,2,Trojan.AndroidOS.Boogr
woodengateslancashire.co.uk,06.12.2013 17:47,2,CnC.Win32.Generic
178.168.23.60,05.03.2015 17:11,2,Trojan.Win32.Yakes
herbalbrasil.com.br,02.06.2014 01:41,2,Trojan-Spy.Win32.Zbot
rachelserodioadvogados.com.br,11.08.2014 14:19,2,Trojan-Spy.Win32.Zbot
arfisioterapia.com.mx,04.02.2019 00:33,2,Trojan-Downloader.Win32.Agent
braun.biz.ua,13.01.2016 15:53,2,Trojan-Spy.Win32.Carberp
unidive.com.tw,01.09.2014 16:15,2,Trojan-Spy.Win32.Zbot
37.203.214.30,24.03.2018 22:42,2,Backdoor.AndroidOS.Agent
nikolay.ddns.net,18.05.2019 23:59,2,Backdoor.MSIL.Bladabindi
37.228.119.247,18.05.2019 10:35,2,Trojan-Banker.Win32.Trickster
188.165.62.8,28.08.2017 18:01,2,Trojan-Banker.Win32.Trickster
91.230.211.76,07.09.2017 12:54,2,CnC.Win32.Generic
eagleair.com.pk,29.05.2019 14:32,2,CnC.Win32.Generic
auth3.i4.cn,24.03.2016 08:38,2,CnC.Win32.Generic
176.58.117.125,07.02.2019 10:33,2,CnC.Win32.Generic
ysf.no-ip.biz,09.01.2014 15:23,2,Backdoor.MSIL.Bladabindi
217.13.106.249,27.11.2017 11:07,2,Trojan.Win32.Dovs
veegoo.com.sg,20.03.2019 13:24,2,Backdoor.Win32.Androm
jclcontabil.com.br,17.04.2014 08:25,2,CnC.Win32.Generic
re-wakefield.co.uk,13.11.2013 13:26,2,Trojan-Spy.Win32.Zbot
imobiliariaastro.com.br,20.12.2014 06:16,2,Trojan-Spy.Win32.Zbot
devraniskender.com.tr,21.02.2013 16:59,2,Backdoor.Win32.Mutopy
91.83.93.103,29.05.2019 14:14,2,Trojan-Banker.Win32.Emotet
185.4.65.210,05.12.2018 20:13,2,Trojan-PSW.Win32.Coins
89.134.144.41,09.05.2019 16:34,2,Trojan-Banker.Win32.Emotet
181.129.93.226,29.12.2018 15:52,2,Trojan-Banker.Win32.Trickster
florestalgarden.com.br,26.10.2014 02:28,2,Trojan-Spy.Win32.Zbot
179.62.18.56,22.01.2019 19:43,2,Trojan.Win32.Generic
195.62.52.93,28.02.2017 09:44,2,CnC.Win32.Generic
geoip.net16.net,19.08.2011 13:23,2,CnC.Win32.Generic
adorablekids.co.za,26.06.2015 11:07,2,Trojan-Spy.Win32.Zbot
stillusnoivas.com.br,20.05.2015 09:36,2,Trojan-Spy.Win32.Zbot
box.bfkindustrial.com,08.05.2019 08:47,2,Trojan.Win32.Agent
217.23.15.126,03.06.2015 16:47,2,Backdoor.Win32.Simda
cambenoticias.com.br,17.12.2014 15:06,2,Backdoor.Win32.Napolar
159.69.211.211,01.05.2019 14:47,2,Trojan-Banker.Win32.Emotet
cucaaposentadorias.com.br,12.06.2014 10:47,2,Trojan-Spy.Win32.Zbot
joeann.com.tw,27.11.2013 14:54,2,CnC.Win32.Generic
159.69.2.128,28.09.2018 15:56,2,Trojan-Banker.Win32.Emotet
eyestyle.com.my,03.07.2014 12:00,2,Trojan-Spy.Win32.Zbot
riosomeventos.com.br,01.10.2013 15:11,2,CnC.Win32.Generic
79.96.68.240,27.04.2019 11:22,2,Trojan.Win32.Kovter
gt.yepodjr.com,01.06.2018 11:24,2,CnC.Win32.Generic
5.9.128.163,10.12.2018 10:51,2,Trojan-Banker.Win32.Emotet
5.9.68.188,19.04.2019 06:25,2,Trojan.Win32.Kovter
secret92.ddns.net,24.07.2018 23:24,2,Backdoor.AndroidOS.Agent
195.123.245.109,18.01.2019 16:22,2,Trojan-PSW.Win32.Coins
creativeageingcentre.com.au,06.05.2015 18:18,2,Trojan-Spy.Win32.Zbot
piperrdstorage.com.au,29.01.2014 18:09,2,CnC.Win32.Generic
cnk.com.ua,17.09.2014 21:53,2,Trojan-Spy.Win32.Zbot
acid909.co.uk,31.01.2016 22:19,2,Trojan-Ransom.Win32.Cryptodef
maxy.no-ip.info,17.01.2014 16:11,2,Trojan.Win32.Generic
148.251.33.195,27.11.2017 11:08,2,Trojan.Win32.Dovs
blogville.com.br,23.04.2015 04:54,2,Trojan-Spy.Win32.Zbot
82.146.43.176,27.02.2019 00:19,2,Trojan-Banker.Win32.Trickster
82.146.42.210,01.05.2018 18:37,2,Trojan-Banker.Win32.Trickster
82.146.41.88,15.01.2018 16:36,2,CnC.Win32.Generic
82.146.58.219,14.05.2019 11:58,2,Trojan-Banker.Win32.Trickster
82.146.52.40,09.11.2018 09:32,2,Backdoor.Win32.Androm
82.146.56.24,02.11.2018 08:04,2,Trojan-Banker.Win32.Trickster
82.146.47.121,12.10.2017 11:31,2,Trojan-Banker.Win32.Trickster
82.146.32.170,07.03.2019 19:45,2,Backdoor.Win32.Mokes
80.87.198.137,27.05.2019 20:19,2,Trojan.Win32.Scar
81.177.180.205,31.05.2019 21:36,2,Trojan.Win32.Generic
81.177.141.88,14.01.2019 08:29,2,Trojan-Banker.Win32.Trickster
81.177.26.48,05.06.2019 06:06,2,Trojan-PSW.Win32.Predator
81.163.254.122,27.09.2017 18:55,2,CnC.Win32.Generic
h.pxmy.fr,26.05.2019 21:04,2,Backdoor.Win32.DarkKomet
willianferreira.com.br,01.02.2015 08:15,2,Trojan-Spy.Win32.Zbot
molativa.com.br,27.01.2015 08:00,2,Trojan-Spy.Win32.Zbot
regatasmendoza.com.ar,22.12.2012 00:28,2,Trojan.Win32.IRCbot
cometas.ddns.net,09.02.2019 01:58,2,Backdoor.Win32.DarkKomet
80.87.197.148,24.05.2019 06:19,2,Trojan-PSW.Win32.Coins
recfish.com.au,04.10.2011 11:23,2,CnC.Win32.Generic
78.155.218.220,06.05.2019 10:52,2,Trojan-Banker.Win32.Trickster
78.155.218.139,19.10.2018 08:17,2,Trojan-Banker.Win32.Trickster
78.155.206.79,22.01.2019 11:32,2,Trojan-Banker.Win32.Trickster
78.155.199.46,17.10.2018 10:32,2,Trojan-Banker.Win32.Trickster
78.24.216.250,12.10.2017 11:31,2,Trojan-Banker.Win32.Trickster
78.24.220.229,06.11.2015 12:23,2,Trojan.Win32.Kovter
185.153.197.3,07.03.2017 16:14,2,Trojan-Spy.Win32.Panda
77.222.40.43,30.10.2018 17:37,2,Trojan.Win32.Khalesi
la-colonial.com.ar,06.02.2013 04:06,2,Backdoor.Win32.ZAccess
142.44.161.51,15.07.2018 01:34,2,Backdoor.Win32.Xtreme
80.173.224.81,27.03.2019 15:12,2,Trojan-Banker.Win32.Trickster
ir.funpic.de,20.03.2011 15:13,2,Worm.MSIL.Arcdoor
rajan.name.np,12.02.2013 06:10,2,Trojan-Spy.Win32.Zbot
bunting-warehouse.co.uk,21.12.2013 06:11,2,Trojan-Spy.Win32.Zbot
46.21.248.94,24.01.2019 09:14,2,Trojan-Banker.Win32.Trickster
37.230.113.63,22.05.2019 23:00,2,Trojan.Win32.Gozi
37.230.116.91,26.12.2018 08:56,2,Trojan-Banker.Win32.Trickster
37.230.113.97,29.03.2018 15:25,2,Trojan-Banker.Win32.Trickster
187.177.155.123,13.12.2018 21:21,2,Trojan.Win32.Staser
149.62.173.247,23.03.2018 02:27,2,Trojan.Win32.Dovs
217.8.117.24,03.05.2019 12:07,2,Backdoor.MSIL.Agent
garraservicos.com.br,17.04.2014 08:25,2,Trojan-Spy.Win32.Zbot
5.8.88.97,11.02.2019 14:18,2,Trojan-PSW.Win32.Coins
188.246.233.220,14.05.2019 11:57,2,Trojan-Banker.Win32.Trickster
remcoss.onmypc.org,23.07.2018 17:31,2,Backdoor.Win32.Remcos
5.8.88.65,01.02.2019 16:34,2,Trojan-PSW.Win32.Kpot
metalurgicatambara.com.ar,28.02.2013 15:08,2,Trojan.Win32.IRCbot
85.143.219.178,14.05.2019 11:58,2,Trojan-Banker.Win32.Trickster
85.143.220.150,25.04.2019 14:27,2,Trojan-Banker.Win32.Trickster
85.143.221.164,01.03.2019 20:06,2,Trojan-Banker.Win32.Trickster
85.143.223.24,11.01.2019 08:12,2,Trojan-Banker.Win32.Trickster
85.143.220.111,16.11.2018 09:54,2,Trojan-Banker.Win32.Trickster
85.143.223.51,01.11.2018 09:22,2,Trojan-Banker.Win32.Trickster
85.143.175.198,14.05.2019 10:37,2,Trojan-Banker.Win32.Trickster
85.143.172.208,09.11.2018 09:47,2,Trojan-Banker.Win32.Trickster
esctriangulo.com.br,20.03.2014 16:17,2,Trojan-Spy.Win32.Zbot
213.169.137.228,24.04.2019 20:59,2,Trojan-PSW.Win32.Coins
shaktifood.com.np,28.12.2012 19:23,2,CnC.Win32.Generic
d33wv995bk7lag.cloudfront.net,30.01.2019 17:42,2,CnC.Win32.Generic
rk2013controler.no-ip.org,18.08.2014 10:28,2,Trojan-Downloader.Win32.Agent
78.140.223.89,25.04.2019 14:01,2,Trojan-Banker.Win32.Trickster
89.45.67.107,16.10.2017 15:29,2,CnC.Win32.Generic
78.47.156.178,04.09.2018 09:17,2,Trojan-Banker.Win32.Trickster
78.47.56.164,27.11.2017 11:08,2,Trojan.Win32.Dovs
78.46.201.36,04.03.2019 13:32,2,Trojan-Dropper.AndroidOS.Hqwar
dominiocassis.com.br,09.06.2015 20:15,2,Trojan-Ransom.Win32.Cryptodef
62.75.195.103,23.01.2018 18:28,2,Trojan-Spy.Win32.Ursnif
62.75.146.221,08.05.2019 21:26,2,Trojan-Banker.Win32.Emotet
213.108.4.57,03.11.2018 06:39,2,Trojan-PSW.Win32.Coins
teleeye.com.ph,01.03.2015 21:32,2,Trojan-Spy.Win32.Zbot
2.59.42.63,17.04.2019 09:42,2,Trojan-PSW.Win32.Coins
5.45.69.149,27.02.2019 16:36,2,CnC.Win32.Generic
5.45.66.161,06.06.2017 12:17,2,CnC.Win32.Generic
185.66.12.239,14.05.2019 11:58,2,Trojan-Banker.Win32.Trickster
193.151.91.163,14.12.2018 02:22,2,Trojan-PSW.Win32.Coins
62.109.27.161,10.01.2019 11:13,2,CnC.Win32.Generic
62.109.26.244,01.08.2018 17:45,2,Trojan-PSW.Win32.Coins
62.109.15.132,12.10.2017 11:31,2,Trojan-Banker.Win32.Trickster
62.109.6.237,12.10.2017 11:31,2,Trojan-Banker.Win32.Trickster
bigimpressoes.com.br,01.11.2013 11:43,2,CnC.Win32.Generic
5.101.78.115,11.07.2018 11:52,2,Trojan-PSW.Win32.Coins
31.220.52.33,22.10.2018 15:19,2,Trojan-PSW.Win32.Coins
31.220.43.160,14.04.2019 17:23,2,Trojan-PSW.Win32.Vidar
217.8.117.14,21.05.2019 12:20,2,Trojan.Win32.Agent
217.8.117.52,17.05.2019 15:19,2,Trojan-PSW.Win32.Azorult
217.8.117.16,01.05.2019 17:26,2,Trojan-PSW.Win32.Azorult
217.8.117.21,15.04.2019 23:22,2,Trojan-PSW.Win32.Coins
2bad4kira.0fees.net,29.07.2011 16:54,2,Backdoor.Win32.Vernet
77.222.61.198,24.04.2019 06:12,2,Trojan.Win32.Kovter
193.37.213.157,28.01.2019 12:55,2,Trojan.Win32.Yakes
194.58.108.207,23.01.2019 21:25,2,Backdoor.Win32.Parazit
194.58.92.63,26.04.2019 10:13,2,Backdoor.Win32.Plurox
mew.coinbit-dex.com,05.04.2019 11:57,2,Trojan-Spy.Win32.TheRat
217.20.172.141,19.04.2019 03:35,2,Trojan.Win32.Kovter
5.45.75.142,14.05.2019 20:14,2,Trojan-Spy.Win32.TheRat
5.45.72.93,17.04.2019 14:42,2,Trojan-Spy.Win32.TheRat
aqsengineering.com.pk,26.03.2013 13:52,2,Backdoor.Win32.Mutopy
gcss.co.in,04.09.2013 21:10,2,CnC.Win32.Generic
119.92.51.40,06.12.2018 16:32,2,Trojan-Banker.Win32.Emotet
darllymoore.flu.cc,01.09.2014 02:24,2,Trojan-PSW.MSIL.Chisburg
80.15.143.155,26.04.2019 03:47,2,Trojan.Win32.Kovter
yilmazcelikservis.com.tr,28.04.2014 06:58,2,Trojan-PSW.Win32.Fareit
ecc.freeddns.org,11.03.2019 13:46,2,Trojan.Java.Blaze
162.219.26.82,30.05.2018 17:15,2,Trojan.Win32.Kovter
g.neoler.at,10.10.2018 15:28,2,Trojan-Spy.Win32.Ursnif
185.70.185.114,01.11.2018 04:43,2,Trojan.Win32.Betabot
195.123.245.142,01.04.2019 14:46,2,Trojan-Banker.Win32.Trickster
time.ouisers.com,12.12.2018 13:10,2,CnC.Win32.Generic
pya.com.mx,17.02.2014 16:19,2,CnC.Win32.Generic
jdautocentergyn.com.br,19.08.2013 16:23,2,CnC.Win32.Generic
googledrive.dynu.net,08.12.2017 07:56,2,Backdoor.MSIL.Crysan
extermy.zapto.org,05.05.2018 12:35,2,Trojan.Win32.Llac
kingprog.publicvm.com,27.03.2016 01:07,2,Trojan.Script.Agent
rimba.com.my,24.11.2013 21:16,2,CnC.Win32.Generic
188.127.239.10,11.09.2017 15:31,2,Trojan-Ransom.Win32.Locky
5.8.88.189,14.05.2017 17:19,2,Trojan-PSW.Win32.Coins
31.193.141.91,28.11.2017 18:04,2,CnC.Win32.Generic
31.192.210.86,13.06.2017 10:51,2,Backdoor.Win32.Androm
leathercentre.me.uk,15.05.2014 09:47,2,Trojan-Spy.Win32.Zbot
192.81.222.28,07.02.2019 10:33,2,CnC.Win32.Generic
cortinas-de-pelo.com.ar,30.03.2015 21:41,2,Trojan-Spy.Win32.Zbot
prise.com.ar,29.01.2014 18:09,2,CnC.Win32.Generic
3s.dkys.org,12.06.2018 10:28,2,Trojan.Win32.Siscos
juansgarbiehijo.com.ar,08.04.2013 00:15,2,Trojan-Downloader.Win32.Andromeda
menininhos.com.br,18.06.2014 00:12,2,Trojan-Spy.Win32.Zbot
wvww.dnset.com,15.05.2014 20:31,2,Trojan-Banker.AndroidOS.Gepew
94.232.20.113,29.08.2018 13:50,2,Trojan-Banker.Win32.Trickster
basss.no-ip.info,15.11.2011 22:05,2,Trojan.Win32.Llac
styletto.co.za,16.09.2015 21:56,2,Trojan-Spy.Win32.Zbot
51.75.125.91,25.10.2018 02:06,2,Trojan-PSW.Win32.Coins
37.252.5.111,22.02.2019 18:53,2,CnC.Win32.Generic
alliedhealth.com.au,26.03.2013 13:52,2,Backdoor.Win32.Mutopy
gurunichi.createandhost.com,20.11.2014 15:40,2,CnC.Win32.Generic
176.107.178.75,30.10.2018 18:20,2,CnC.Win32.Generic
swinfrastructures.co.za,20.04.2019 19:26,2,Trojan-PSW.Win32.Vidar
176.107.191.119,06.12.2018 11:26,2,Trojan-PSW.Win32.Coins
109.104.79.48,07.05.2019 17:39,2,Trojan-Banker.Win32.Emotet
195.123.225.4,14.05.2018 13:48,2,Trojan-Banker.Win32.CoreBot
transveni.com.br,08.12.2014 13:45,2,Trojan-Spy.Win32.Zbot
projetoplenitude.com.br,02.01.2019 20:18,2,Trojan-Spy.Win32.SpyEyes
31.166.244.172,05.10.2018 16:46,2,CnC.Win32.Generic
bloomroom.com.au,23.10.2013 16:25,2,CnC.Win32.Generic
190.97.219.241,13.03.2019 19:29,2,Trojan-Banker.Win32.Emotet
6theastgrinstead.org.uk,21.07.2014 01:21,2,Trojan-Spy.Win32.Zbot
reko.co.za,12.09.2011 17:34,2,Net-Worm.Win32.Koobface
minings.kl.com.ua,27.02.2019 16:12,2,Trojan-Spy.MSIL.Stealer
madota.co.za,05.09.2015 03:49,2,Trojan-Spy.Win32.Zbot
cafs.co.in,08.06.2015 13:51,2,Trojan-Spy.Win32.Zbot
37.139.3.25,06.02.2019 19:12,2,Trojan.Script.Agent
46.249.62.216,14.05.2019 11:57,2,Trojan-Banker.Win32.Trickster
geoma.com.br,12.03.2014 13:56,2,CnC.Win32.Generic
46.4.251.184,27.11.2017 11:07,2,Trojan.Win32.Dovs
31.202.165.122,05.02.2015 13:55,2,Trojan.Win32.Yakes
181.118.101.22,28.03.2019 19:56,2,Trojan-Banker.Win32.Emotet
5.9.94.164,29.05.2019 20:26,2,Trojan-PSW.Win32.Coins
xinzf.bjmcmj.cn,12.07.2018 14:18,2,CnC.Win32.Generic
88.99.185.221,01.12.2018 06:08,2,Trojan-PSW.Win32.Predator
88.99.171.105,13.09.2018 22:01,2,Trojan-Dropper.AndroidOS.Hqwar
amasyaelmasi.com.tr,23.04.2015 07:26,2,Trojan-Spy.Win32.Zbot
kocc.or.kr,26.03.2013 13:52,2,Backdoor.Win32.Mutopy
103.74.91.234,02.04.2019 17:47,2,Trojan-Banker.Win32.Trickster
rentcar2u.co.kr,26.03.2013 13:52,2,Backdoor.Win32.Mutopy
188.165.62.2,22.08.2017 10:05,2,Trojan-Banker.Win32.Trickster
207.148.126.117,04.06.2019 13:22,2,Trojan-SMS.AndroidOS.Agent
honew.elimbiz.com,18.03.2019 13:31,2,CnC.Win32.Generic
msh09.ddns.net,09.07.2018 08:27,2,Backdoor.MSIL.Bladabindi
52.14.143.234,27.12.2018 20:22,2,Trojan-PSW.Win32.Coins
fokka.com.br,12.01.2015 07:55,2,Trojan-Spy.Win32.Zbot
backbone.duckdns.org,25.10.2018 20:44,2,Backdoor.MSIL.NanoBot
cpw.00xff.net,17.04.2019 14:09,2,Trojan-Clicker.AndroidOS.Agent
allseasonsinflatables.co.uk,17.12.2013 09:03,2,CnC.Win32.Generic
cursopergamus.com.br,12.08.2013 14:07,2,CnC.Win32.Generic
design.3dstyle.in.ua,13.01.2016 18:48,2,Trojan-Spy.Win32.Carberp
1.indexsinas.me,13.04.2019 15:01,2,Trojan-PSW.Win32.Fareit
palai-vats.myjino.ru,01.10.2018 12:51,2,Trojan-Spy.Win32.Stealer
62.192.227.125,22.05.2019 07:23,2,Trojan-Banker.Win32.Emotet
213.172.88.13,27.04.2019 05:52,2,Trojan-Banker.Win32.Emotet
103.73.161.239,15.05.2019 18:14,2,Trojan.Win32.Siscos
djcrack.servemp3.com,03.01.2012 23:32,2,Trojan.Win32.Generic
91.227.17.32,11.12.2018 02:58,2,Backdoor.Win32.DarkVNC
war.net46.net,03.07.2014 12:00,2,Backdoor.Win32.Vernet
soft.srsroot.com,18.02.2019 13:22,2,Trojan.Win32.Miner
cw00402.tmweb.ru,13.02.2019 12:56,2,Trojan-Spy.Win32.Stealer
androsoftik.at.ua,14.11.2018 09:32,2,Virus.Win32.Sality
chistopol-cs.ucoz.ru,14.11.2018 09:32,2,Virus.Win32.Sality
195.123.246.147,07.05.2019 01:52,2,Trojan-PSW.Win32.Predator
xx4444.uphero.com,10.08.2014 11:37,2,Trojan-Downloader.Win32.Umbra
91.240.85.126,17.04.2019 01:53,2,Trojan-Spy.Win32.Zbot
91.240.84.186,14.05.2019 11:58,2,Trojan-Banker.Win32.Trickster
91.240.84.59,14.05.2019 10:21,2,Trojan-Banker.Win32.Trickster
91.240.84.30,14.05.2019 11:58,2,Trojan-Banker.Win32.Trickster
193.37.212.54,29.11.2018 11:11,2,Trojan-Downloader.MSOffice.Agent
185.43.6.204,09.06.2019 08:51,2,Trojan-PSW.Win32.Coins
185.43.6.25,10.01.2019 11:13,2,CnC.Win32.Generic
qldshedmarkets.com.au,04.07.2013 16:18,2,CnC.Win32.Generic
artevimebambu.com.br,12.08.2013 14:07,2,CnC.Win32.Generic
creatingchangecoaching.com.au,16.08.2014 05:48,2,Trojan-Spy.Win32.Zbot
azer.linkpc.net,31.08.2018 21:34,2,Backdoor.MSIL.Bladabindi
airfilter.com.br,18.11.2014 06:47,2,Trojan-Spy.Win32.Zbot
maitaprojects.co.za,09.01.2019 03:14,2,Trojan-Spy.Win32.SpyEyes
192.243.108.248,30.04.2019 19:27,2,Trojan-Banker.Win32.IcedID
188.40.198.185,31.05.2015 06:25,2,Trojan-Spy.Win32.SpyEyes
188.40.133.59,21.06.2015 17:16,2,Trojan.Win32.Yakes
188.138.91.26,06.05.2019 15:44,2,Trojan-Banker.Win32.Emotet
htp.ddns.net,08.03.2019 09:42,2,Backdoor.MSIL.Bladabindi
err.cloins.com,20.11.2014 15:40,2,CnC.Win32.Generic
5.188.231.224,26.01.2018 16:26,2,Trojan-Spy.Win32.SpyEyes
5.188.60.99,13.06.2019 06:16,2,Trojan-Banker.Win32.TinyNuke
5.188.60.113,15.03.2019 04:48,2,Trojan-PSW.MSIL.Baldr
5.188.60.74,24.02.2019 18:23,2,Trojan-PSW.Win32.Kpot
5.188.60.89,10.07.2018 13:51,2,CnC.Win32.Generic
5.8.88.33,09.05.2019 03:53,2,Backdoor.Win32.DarkVNC
5.8.88.44,17.11.2018 16:03,2,Backdoor.Win32.Androm
5.8.88.59,14.08.2018 15:49,2,Trojan-PSW.Win32.Kpot
5.8.88.84,14.02.2017 13:10,2,Trojan-Spy.Win32.Stealer
zealousdandy.myjino.ru,19.02.2019 22:04,2,Trojan-PSW.Win32.Generic
blog.finesseim.com,26.11.2013 11:17,2,CnC.Win32.Generic
110.36.217.66,25.02.2019 14:42,2,Trojan-Banker.Win32.Emotet
23.254.225.240,06.06.2019 14:47,2,Trojan.Win32.Autoit
api.payperinst.ru,08.05.2018 17:52,2,Trojan-Ransom.Win32.Cryptodef
46.102.152.129,26.04.2017 15:36,2,CnC.Win32.Generic
anlacviettravel.com.vn,22.05.2014 10:31,2,Trojan-Spy.Win32.Zbot
51.15.18.9,07.12.2018 09:02,2,Virus.Win32.Sality
91.219.192.14,27.11.2018 08:05,2,Trojan-PSW.Win32.Coins
134.119.103.142,05.05.2019 01:37,2,Trojan.Win32.Kovter
192.144.180.12,29.11.2018 04:32,2,Trojan-Downloader.Win32.Agent
178.124.140.145,24.10.2017 19:48,2,Backdoor.MSIL.NanoBot
89.223.26.150,30.01.2019 09:02,2,Trojan-Banker.Win32.Trickster
securityadvisors.co.za,25.02.2013 11:00,2,Backdoor.Win32.Androm
41.60.202.26,25.02.2019 14:21,2,Trojan-Banker.Win32.Emotet
192.129.227.186,05.06.2018 04:48,2,Trojan.Win32.Kovter
192.129.227.187,05.06.2018 04:48,2,Trojan.Win32.Kovter
192.129.227.188,05.06.2018 04:48,2,Trojan.Win32.Kovter
192.129.227.202,05.06.2018 04:48,2,Trojan.Win32.Kovter
192.129.227.204,05.06.2018 04:48,2,Trojan.Win32.Kovter
192.129.227.203,05.06.2018 04:48,2,Trojan.Win32.Kovter
192.129.227.205,30.05.2018 17:15,2,Trojan.Win32.Kovter
192.129.227.206,30.05.2018 17:15,2,Trojan.Win32.Kovter
192.129.227.189,30.05.2018 17:15,2,Trojan.Win32.Kovter
192.129.227.190,30.05.2018 17:15,2,Trojan.Win32.Kovter
rootca.000space.com,20.11.2014 15:40,2,CnC.Win32.Generic
83.169.38.121,09.08.2017 16:57,2,CnC.Win32.Generic
allezo.com.br,13.10.2014 10:50,2,Trojan-Spy.Win32.Zbot
mftapacantos.com.ar,14.12.2013 05:04,2,CnC.Win32.Generic
80.87.196.251,24.05.2019 13:36,2,Trojan-PSW.Win32.Coins
64.13.225.150,24.04.2019 17:26,2,Trojan-Banker.Win32.Emotet
77.244.215.137,22.04.2019 19:16,2,Trojan-Banker.Win32.Trickster
37.1.214.167,22.11.2018 18:40,2,Trojan.Win32.Kovter
joyhafakot.co.il,04.09.2013 15:40,2,CnC.Win32.Generic
passovizze1978.altervista.org,08.04.2010 12:56,2,CnC.Win32.Generic
grupomontenegro.com.ar,14.01.2019 13:28,2,Trojan-PSW.Win32.Coins
browserloot.rokey.xyz,27.10.2018 17:43,2,Trojan-PSW.MSIL.Cordis
31.131.20.125,14.05.2019 09:52,2,Trojan-Banker.Win32.Trickster
31.131.24.148,26.10.2018 07:35,2,Trojan-Banker.Win32.Trickster
45.62.198.103,27.11.2018 09:16,2,Backdoor.Win32.Androm
193.111.63.181,07.09.2018 09:12,2,Trojan-Banker.Win32.Trickster
peterpanaupairs.co.uk,07.11.2014 10:05,2,Trojan-Spy.Win32.Zbot
188.214.30.54,30.05.2018 17:15,2,Trojan.Win32.Kovter
188.214.30.52,30.05.2018 17:15,2,Trojan.Win32.Kovter
188.214.30.94,30.05.2018 17:15,2,Trojan.Win32.Kovter
188.214.30.53,30.05.2018 17:15,2,Trojan.Win32.Kovter
188.214.30.51,30.05.2018 17:15,2,Trojan.Win32.Kovter
188.173.172.14,03.04.2019 03:54,2,Trojan.Win32.Kovter
185.244.130.142,14.05.2019 15:37,2,Trojan-PSW.Win32.Azorult
185.244.130.194,25.04.2019 23:01,2,Trojan-PSW.Win32.Azorult
185.244.129.68,15.04.2019 23:22,2,Trojan-PSW.Win32.Coins
futeboldearaguaina.com.br,16.09.2014 16:32,2,Trojan-Spy.Win32.Zbot
146.185.132.167,06.02.2019 19:12,2,Trojan.Script.Agent
taputa.ddns.net,15.11.2018 16:36,2,Backdoor.MSIL.NanoBot
87.98.145.137,04.06.2019 00:11,2,Trojan-PSW.Win32.Coins
njta.ddns.net,07.10.2017 03:01,2,Backdoor.MSIL.Bladabindi
loamy.zzz.com.ua,17.11.2018 07:23,2,Trojan-PSW.Win32.Coins
7777.elitfilmizle.com,03.06.2019 20:18,2,Backdoor.MSIL.Bladabindi
fgroup.tula.su,01.08.2018 14:26,2,CnC.Win32.Generic
86.122.149.86,06.05.2019 15:39,2,Trojan-Banker.Win32.Emotet
190.13.160.19,07.02.2019 09:06,2,Trojan-Banker.Win32.Trickster
201.220.134.102,28.12.2018 15:26,2,Trojan-Banker.Win32.Trickster
195.123.233.195,22.01.2019 21:39,2,Trojan-PSW.Win32.Coins
37.120.146.112,26.03.2019 12:46,2,Trojan-PSW.Win32.Coins
durilko.freehostia.com,06.05.2019 01:32,2,Trojan-PSW.Win32.LdPinch
dzhacker15.no-ip.org,27.09.2013 15:12,2,Backdoor.Win32.DarkKomet
atlog.com.sg,07.11.2013 19:24,2,CnC.Win32.Generic
125.209.82.158,21.12.2018 08:39,2,Trojan-Banker.Win32.Trickster
51.15.215.173,05.03.2019 04:28,2,Trojan-Downloader.Win32.Deyma
kidzlink.ae.org,21.03.2013 11:10,2,Backdoor.Win32.Mutopy
162.213.249.151,30.12.2018 05:26,2,Trojan-Spy.Win32.Agent
142.234.116.228,30.03.2019 10:06,2,Trojan.Win32.Kovter
5.8.88.74,10.02.2019 23:03,2,Trojan-PSW.Win32.Kpot
67.222.96.12,12.05.2019 01:12,2,Trojan-Spy.MSIL.Banker
158.58.131.54,11.07.2018 11:52,2,Trojan-Banker.Win32.Trickster
abbamudancas.com.br,20.04.2015 06:13,2,Trojan-Spy.Win32.Zbot
5.255.94.90,26.01.2019 01:03,2,Trojan-PSW.Win32.Coins
5.45.87.218,15.03.2019 05:27,2,Backdoor.Win32.Parazit
172.64.101.41,08.03.2019 01:57,2,Trojan.Win32.Kovter
185.86.149.234,14.05.2019 11:57,2,Trojan-Banker.Win32.Trickster
185.86.149.54,01.10.2018 14:44,2,CnC.Win32.Generic
185.86.148.194,14.05.2019 11:57,2,Trojan-Banker.Win32.Trickster
213.87.153.221,23.11.2018 09:31,2,Backdoor.Win32.Xtreme
185.81.114.4,03.02.2019 19:17,2,Trojan-PSW.Win32.Coins
85.30.20.225,10.05.2019 01:06,2,Trojan.Win32.Kovter
185.77.129.141,10.01.2019 06:16,2,Trojan-PSW.Win32.Coins
trusplus111.gotdns.ch,15.11.2018 07:55,2,Trojan.Win32.Llac
acorn-developments.co.uk,16.11.2013 11:27,2,CnC.Win32.Generic
79.172.242.85,12.01.2018 14:44,2,Trojan.Win32.Generic
freya.instanthosting.com.au,17.04.2014 08:25,2,CnC.Win32.Generic
181.143.101.18,09.05.2019 16:34,2,Trojan-Banker.Win32.Emotet
pennholding.co.th,13.06.2014 03:54,2,Backdoor.Win32.Napolar
topic.penza.su,02.04.2018 19:03,2,CnC.Win32.Generic
sandwelltransport.co.uk,13.03.2014 09:16,2,Trojan-Downloader.Win32.Andromeda
omar.hopto.org,27.12.2018 10:13,2,Backdoor.MSIL.Bladabindi
92.38.184.82,14.05.2019 11:58,2,Trojan-Banker.Win32.Trickster
92.38.163.61,14.05.2019 10:37,2,Trojan-Banker.Win32.Trickster
92.38.163.39,19.11.2018 10:14,2,Trojan-Banker.Win32.Trickster
92.38.163.49,12.09.2018 10:03,2,Trojan-Banker.Win32.Trickster
92.38.135.182,14.05.2019 11:58,2,Trojan-Banker.Win32.Trickster
103.129.195.105,20.12.2018 09:39,2,Trojan-Banker.Win32.Trickster
168.194.164.134,05.06.2019 01:31,2,Backdoor.Win32.Xtreme
villamaremotta.com.br,04.09.2013 19:56,2,CnC.Win32.Generic
funboat.com.au,09.03.2012 14:02,2,Trojan.Win32.Generic
45.249.94.18,09.02.2018 03:23,2,Backdoor.Win32.Farfli
195.123.220.225,04.08.2018 00:32,2,Backdoor.MSIL.Bladabindi
118.184.48.95,22.09.2017 17:12,2,Trojan.PowerShell.Agent
linuxzone.ddns.net,03.03.2019 05:12,2,Backdoor.MSIL.Bladabindi
parrotcay.como.bz,12.02.2013 12:58,2,Trojan-PSW.Win32.Fareit
atlanticinsulationservices.co.uk,26.11.2015 02:45,2,Trojan-Spy.Win32.Carberp
185.177.59.35,02.08.2018 15:45,2,CnC.Win32.Generic
109.234.35.166,16.08.2018 14:39,2,Trojan-Banker.Win32.Trickster
renatoluis.com.br,04.02.2015 17:27,2,Trojan-Spy.Win32.Zbot
postventa-vodafone.duckdns.org,07.07.2016 21:30,2,Trojan.MSIL.Zapchast
build2impress.co.za,22.02.2019 16:21,2,Trojan-PSW.Win32.Coins
190.13.146.47,20.03.2018 12:51,2,Trojan-Banker.Win32.Emotet
casadoatirador.com.br,24.03.2014 11:02,2,Trojan-Spy.Win32.Zbot
silverbell.000space.com,20.11.2014 15:40,2,CnC.Win32.Generic
test.catorcedias.com,21.09.2015 11:47,2,Trojan-Spy.Win32.Zbot
190.195.129.227,21.12.2018 02:12,2,Trojan-Banker.Win32.Emotet
195.123.245.115,26.04.2019 12:37,2,Trojan-Banker.Win32.Trickster
viasaopedro.ddns.net,01.04.2019 19:01,2,Backdoor.MSIL.Bladabindi
portalcstv.ddns.net,21.02.2019 14:52,2,Backdoor.Win32.Androm
213.14.166.152,25.04.2019 09:26,2,Trojan-Banker.Win32.Emotet
soporterenc.duckdns.org,02.12.2018 08:18,2,Trojan-Proxy.Win32.Lethic
184.164.136.134,10.08.2017 04:43,2,Trojan-Ransom.Win32.Blocker
mida12.com.br,09.08.2013 11:45,2,CnC.Win32.Generic
inndividual.co.uk,06.02.2014 00:49,2,CnC.Win32.Generic
92.63.104.75,16.02.2019 22:57,2,Backdoor.Win32.Mokes
200.28.131.215,24.04.2019 21:32,2,Trojan-Banker.Win32.Emotet
69.163.33.82,10.01.2019 15:38,2,Trojan-Banker.Win32.Emotet
fastchem.co.id,24.06.2014 14:04,2,Trojan-Spy.Win32.Zbot
188.124.106.139,16.02.2019 10:13,2,Trojan-Downloader.Win32.PsDownload
monkey.mastaline.com,29.03.2019 16:29,2,Backdoor.MSIL.Bladabindi
drdep.ddns.net,04.08.2018 09:58,2,Backdoor.MSIL.NanoBot
citrix.vipreclod.com,08.08.2015 06:57,2,Trojan.Win32.Scar
modularplanner.co.uk,24.11.2013 01:41,2,Trojan.Win32.Generic
113974.w74.wedos.ws,15.03.2019 05:43,2,Trojan.Win32.Kasidet
irc.brasirc.com.br,19.05.2019 23:14,2,Backdoor.Linux.Tsunami
5.2.64.188,06.02.2019 10:06,2,Trojan-Banker.Win32.Trickster
185.92.74.85,24.10.2018 18:47,2,Trojan-PSW.Win32.Coins
autonomy.host22.com,20.11.2014 15:40,2,CnC.Win32.Generic
hellointra.hopto.org,12.01.2019 10:26,2,Backdoor.Win32.Poison
hellointra.myftp.org,30.08.2018 12:34,2,Backdoor.Win32.Poison
46.183.219.72,05.12.2018 19:45,2,Trojan-PSW.Win32.Coins
46.148.26.185,14.11.2018 06:37,2,Trojan-PSW.Win32.Coins
ping.confmenow.net,27.05.2019 16:21,2,Trojan.AndroidOS.Agent
termasantateresita.com.ar,11.06.2015 22:42,2,Trojan-Spy.Win32.Zbot
zanboor.duckdns.org,05.08.2018 03:51,2,Backdoor.Win32.Xtreme
198.211.123.210,06.02.2019 19:34,2,Trojan.Script.Agent
195.123.213.141,15.01.2019 14:15,2,Trojan-PSW.Win32.Coins
51.158.75.129,24.12.2018 20:46,2,Trojan-PSW.Win32.Coins
195.123.233.159,04.04.2018 09:12,2,CnC.Win32.Generic
s.icab.pk,16.04.2018 17:26,2,Trojan.Win32.Agent
93.188.165.187,24.10.2018 02:52,2,Trojan-PSW.Win32.Coins
a.najwahaifamelema8.com,17.12.2014 15:06,2,Worm.Win32.Ngrbot
lionoi.adygeya.su,29.08.2018 16:48,2,Trojan.Win32.Propagate
a0298423.xsph.ru,02.05.2019 07:05,2,Trojan-Spy.Win32.Stealer
146.0.77.12,04.03.2019 19:36,2,Trojan-PSW.Win32.Coins
grosjeangerard.hopto.org,02.05.2018 20:39,2,Backdoor.MSIL.Crysan
allonsy.hopto.org,10.03.2017 05:55,2,Backdoor.MSIL.Crysan
195.161.114.252,14.05.2019 11:58,2,Trojan-Banker.Win32.Trickster
195.161.114.124,14.05.2019 11:57,2,Trojan-Banker.Win32.Trickster
195.161.114.104,04.01.2019 11:54,2,Trojan-Banker.Win32.Trickster
195.161.62.97,14.05.2019 11:58,2,Trojan-Banker.Win32.Trickster
195.161.62.172,14.05.2019 11:57,2,Trojan-Banker.Win32.Trickster
diiimaria.zapto.org,30.09.2013 13:38,2,CnC.Win32.Generic
185.246.64.237,05.02.2019 09:06,2,Trojan-Banker.Win32.Trickster
just111.justhost.com,06.06.2015 17:40,2,CnC.Win32.Generic
test.duckdns.org,05.12.2018 09:27,2,Backdoor.MSIL.Bladabindi
5.23.54.66,29.10.2018 02:18,2,Trojan-PSW.Win32.Coins
drpc.duckdns.org,10.02.2019 20:54,2,Backdoor.MSIL.NanoBot
183.82.1.142,01.05.2019 10:01,2,Trojan-Banker.Win32.Emotet
103.233.195.117,18.02.2019 23:22,2,Trojan.Win32.Yakes
45.11.27.61,09.06.2019 01:39,2,Trojan.MSIL.DOTHETUK
insta.webhop.me,02.12.2018 11:48,2,Backdoor.MSIL.NanoBot
92.53.97.160,13.02.2018 12:06,2,Trojan-PSW.Win32.Coins
89.223.88.29,08.05.2019 15:32,2,Trojan-Banker.Win32.Trickster
78.155.207.139,01.04.2019 21:14,2,Trojan-Banker.Win32.Trickster
wlopescorretora.com.br,23.09.2013 19:20,2,CnC.Win32.Generic
77.244.214.218,11.05.2019 02:07,2,Trojan-Banker.Win32.IcedID
193.238.153.85,02.07.2018 18:39,2,CnC.Win32.Generic
37.139.22.212,16.04.2019 17:17,2,Trojan.Script.Agent
37.139.25.161,06.02.2019 19:12,2,Trojan.Script.Agent
37.139.18.177,06.02.2019 19:42,2,Trojan.Script.Agent
limitlessstudios.co.uk,12.03.2015 14:58,2,Trojan-Spy.Win32.Zbot
5.189.227.109,29.10.2018 08:26,2,Trojan-Banker.Win32.Trickster
89.223.29.55,10.03.2017 19:40,2,Trojan-Spy.Win32.Agent
5.8.88.125,30.05.2018 15:41,2,Trojan-Spy.MSIL.Downeks
irc.gigachat.net,19.05.2019 12:48,2,Backdoor.Linux.Tsunami
203.150.19.63,28.06.2017 02:14,2,Trojan-Dropper.MSOffice.SDrop
110.93.196.197,21.05.2019 16:53,2,Trojan-Banker.Win32.Emotet
181.28.144.64,29.05.2019 15:28,2,Trojan-Banker.Win32.Emotet
86.1.139.205,29.05.2019 08:52,2,Trojan-Banker.Win32.Emotet
27.102.107.137,11.03.2019 14:12,2,Trojan.Win32.Scar
87.246.58.59,28.05.2019 07:54,2,Trojan-Banker.Win32.Emotet
190.246.166.217,23.05.2019 18:32,2,Trojan-Banker.Win32.Emotet
195.54.162.248,14.05.2019 11:57,2,Trojan-Banker.Win32.Trickster
irc.realunix.org,22.01.2018 23:06,2,Backdoor.Linux.Tsunami
lam1000.duckdns.org,29.06.2017 03:53,2,Backdoor.MSIL.Bladabindi
88.214.237.44,22.01.2019 23:23,2,Trojan-Downloader.Win32.Godzilla
185.144.100.13,11.12.2018 16:32,2,CnC.Win32.Generic
31.220.1.123,27.11.2018 14:24,2,Trojan-PSW.Win32.Coins
185.144.29.36,17.07.2018 12:18,2,Trojan-Downloader.Win32.PsDownload
5.8.88.203,28.02.2019 23:57,2,Trojan-PSW.Win32.Coins
185.234.218.158,20.03.2019 22:55,2,Backdoor.Win32.Androm
internaldrywallsolutions.co.uk,26.11.2013 16:26,2,CnC.Win32.Generic
217.195.22.232,06.11.2018 23:03,2,Trojan.Win32.Kovter
azor.lordgame.ru,21.10.2018 23:07,2,Trojan-PSW.Win32.Coins
195.123.246.169,14.05.2019 11:58,2,Trojan-Banker.Win32.Trickster
195.123.240.58,14.05.2019 09:52,2,Trojan-Banker.Win32.Trickster
195.123.246.121,06.03.2019 13:16,2,Trojan-Banker.Win32.Trickster
195.123.240.42,30.10.2018 00:47,2,Trojan-PSW.Win32.Coins
195.123.237.152,13.05.2019 11:45,2,Trojan-Banker.Win32.Emotet
195.123.237.242,29.04.2019 11:29,2,Trojan-Banker.Win32.Trickster
195.123.237.135,04.12.2018 08:45,2,Trojan-Banker.Win32.Trickster
195.123.233.179,18.04.2018 08:35,2,CnC.Win32.Generic
195.123.233.180,18.04.2018 08:35,2,CnC.Win32.Generic
195.123.233.173,11.04.2018 09:50,2,CnC.Win32.Generic
195.123.233.162,09.04.2018 10:01,2,Trojan-Banker.Win32.Trickster
195.123.233.150,04.04.2018 09:12,2,CnC.Win32.Generic
195.123.218.103,26.06.2017 11:39,2,Trojan-Spy.Win32.Panda
195.123.209.19,14.05.2019 09:52,2,Trojan-Banker.Win32.Trickster
178.211.105.83,25.04.2019 18:29,2,Trojan.Win32.Kovter
178.159.38.34,21.01.2019 22:52,2,Trojan-PSW.Win32.Coins
mervinsaat.com.tr,23.08.2018 13:37,2,CnC.Win32.Generic
176.100.17.196,29.04.2019 09:40,2,Trojan.Win32.Yakes
prupdate.ddns.me,26.03.2019 01:48,2,Backdoor.MSIL.Bladabindi
74.91.19.122,10.10.2017 10:47,2,CnC.Win32.Generic
pratamacitralintas.co.id,21.05.2019 12:20,2,Trojan-PSW.Win32.Coins
rajaasia.co.id,16.05.2019 00:30,2,Trojan-PSW.Win32.Coins
emaillifecoaching.com.au,09.07.2015 20:46,2,Trojan-Spy.Win32.Zbot
217.107.34.106,09.05.2019 22:13,2,Trojan-Banker.Win32.Trickster
181.115.236.26,15.04.2019 23:23,2,Trojan-Banker.Win32.Trickster
rochaesodre.com.br,21.01.2014 20:17,2,CnC.Win32.Generic
36.67.215.93,02.08.2018 12:57,2,Trojan-Banker.Win32.Trickster
54.37.195.105,14.05.2019 11:57,2,Trojan-Banker.Win32.Trickster
81.177.165.118,14.05.2019 11:58,2,Trojan-Banker.Win32.Trickster
war10ck.ddns.net,07.03.2019 01:32,2,Backdoor.Win32.DarkKomet
81.176.239.46,14.05.2019 10:37,2,Trojan-Banker.Win32.Trickster
spotmarka.ap0x.com,21.09.2015 11:47,2,Trojan-Spy.Win32.Zbot
186.86.247.169,14.05.2019 11:58,2,Trojan-Banker.Win32.Trickster
201.220.152.101,14.03.2019 14:17,2,Trojan-Banker.Win32.Emotet
181.115.168.69,12.03.2019 01:52,2,Trojan-Banker.Win32.Trickster
180.250.197.188,06.03.2019 09:27,2,Trojan-Banker.Win32.Trickster
185.252.144.29,14.05.2019 11:58,2,Trojan-Banker.Win32.Trickster
185.252.144.157,05.01.2019 09:18,2,Trojan-Banker.Win32.Trickster
analdevil0.offhst.ru,12.06.2019 12:44,2,Trojan-PSW.Win32.Predator
80.244.229.158,03.10.2018 09:26,2,Trojan-Banker.Win32.Trickster
92178.prohoster.biz,25.04.2019 16:46,2,CnC.Win32.Generic
gymworld.co.kr,26.03.2013 13:52,2,Backdoor.Win32.Mutopy
89.191.225.234,06.01.2019 03:43,2,Trojan.Win32.Yakes
185.120.77.52,15.01.2018 16:36,2,CnC.Win32.Generic
carlosgustavocaixeta.com.br,17.04.2014 08:25,2,CnC.Win32.Generic
193.29.187.83,30.05.2018 17:15,2,Trojan.Win32.Kovter
95.46.8.205,05.02.2019 09:32,2,Trojan-Spy.Win32.Ursnif
83.220.169.200,16.08.2018 14:39,2,Trojan-Banker.Win32.Trickster
82.202.212.221,14.05.2019 11:57,2,Trojan-Banker.Win32.Trickster
82.202.212.172,27.11.2018 08:05,2,Trojan-Banker.Win32.Trickster
82.146.56.209,14.05.2019 11:57,2,Trojan-Banker.Win32.Trickster
minehol.ddns.net,13.11.2018 12:36,2,Backdoor.Win32.DarkKomet
inter-kabel.com.ua,31.01.2015 00:00,2,Trojan-Spy.Win32.Zbot
54.37.134.195,25.04.2019 14:34,2,Trojan-Banker.Win32.Trickster
213.226.114.49,14.05.2019 11:57,2,Trojan-Banker.Win32.Trickster
217.23.4.201,03.08.2018 02:09,2,Trojan-PSW.Win32.Coins
d2zyvlskj53q65.cloudfront.net,30.01.2019 17:42,2,CnC.Win32.Generic
moxon.zzz.com.ua,03.04.2019 03:26,2,Trojan-PSW.Win32.Predator
194.87.93.254,02.03.2018 23:15,2,Trojan-Banker.Win32.Trickster
5.2.75.65,04.04.2019 10:05,2,Trojan-Banker.Win32.Trickster
103.91.206.142,01.10.2018 07:29,2,Trojan-Downloader.Win32.PsDownload
149.154.70.202,14.05.2019 11:57,2,Trojan-Banker.Win32.Trickster
149.154.71.206,15.10.2018 08:44,2,Trojan-Banker.Win32.Trickster
149.154.68.142,27.08.2018 09:22,2,Trojan-Banker.Win32.Trickster
200.45.57.96,01.05.2019 14:47,2,Trojan-Banker.Win32.Emotet
109.234.39.152,21.04.2019 02:12,2,Trojan-Spy.Win32.Stealer
109.234.38.220,28.11.2018 09:31,2,Trojan-Banker.Win32.Trickster
109.234.39.139,04.10.2018 18:17,2,Trojan-PSW.Win32.Coins
109.173.104.236,23.08.2018 11:04,2,Trojan-Banker.Win32.Trickster
37.59.68.84,29.01.2019 21:12,2,Backdoor.Win32.Androm
95.163.86.154,27.11.2017 11:08,2,Trojan.Win32.Dovs
5.196.159.173,08.03.2017 20:21,2,Trojan-Spy.Win32.Agent
5.196.159.175,16.02.2017 00:42,2,Trojan-Spy.Win32.Agent
5.196.73.88,05.10.2018 16:46,2,CnC.Win32.Generic
5.135.202.105,04.09.2018 09:17,2,Trojan-Banker.Win32.Trickster
5.135.61.90,23.04.2019 22:30,2,Trojan.Win32.Kovter
94.250.254.22,02.03.2018 23:15,2,Trojan-Banker.Win32.Trickster
94.250.248.97,27.02.2019 00:54,2,Trojan.Win32.Agent
94.250.248.165,16.10.2018 09:12,2,Trojan-Banker.Win32.Trickster
94.250.251.134,07.08.2018 15:23,2,Trojan-PSW.Win32.Coins
94.103.95.86,14.05.2019 11:58,2,Trojan-Banker.Win32.Trickster
94.103.94.224,03.04.2019 00:41,2,Trojan-PSW.Win32.Coins
zzzmen99.had.su,07.05.2019 21:47,2,Trojan-Spy.Win32.Stealer
200.114.142.40,27.03.2019 09:08,2,Trojan-Banker.Win32.Emotet
elsaqr.dynu.com,06.12.2018 05:28,2,Trojan.MSIL.Disfa
31.41.47.144,25.09.2018 19:17,2,Trojan-PSW.Win32.Coins
internethost.ddns.net,28.02.2019 12:44,2,Backdoor.MSIL.NanoBot
190.152.125.162,02.04.2019 10:53,2,Trojan-Banker.Win32.Trickster
5.188.231.210,21.02.2019 17:32,2,Trojan-PSW.Win32.Coins
crypto.zapto.org,07.11.2017 23:23,2,Backdoor.Win32.DarkKomet
46.17.47.99,19.11.2018 17:32,2,Trojan-Spy.Win32.Ursnif
37.139.12.169,07.02.2019 10:33,2,CnC.Win32.Generic
37.44.215.111,14.05.2019 10:21,2,Trojan-Banker.Win32.Trickster
176.113.80.252,23.12.2018 19:26,2,Trojan-Spy.Win32.Stealer
81.177.141.218,24.04.2019 03:49,2,Trojan-PSW.Win32.Coins
vip-interior.com.ua,05.06.2014 16:33,2,Trojan-Spy.Win32.Zbot
46.243.179.212,03.05.2018 11:16,2,Trojan-Banker.Win32.Trickster
46.30.41.110,31.03.2019 21:34,2,Trojan-Spy.Win32.TheRat
46.30.42.68,18.12.2018 12:19,2,Trojan-Spy.Win32.TheRat
37.44.215.57,22.04.2019 19:01,2,Trojan-Banker.Win32.Trickster
197.232.243.36,21.08.2018 07:57,2,Trojan-Banker.Win32.Trickster
111.67.12.221,03.05.2019 12:07,2,Trojan-Banker.Win32.Emotet
bkl.co.il,23.03.2015 08:08,2,Trojan-Spy.Win32.Zbot
94.156.189.54,13.11.2017 13:24,2,CnC.Win32.Generic
94.156.144.201,17.07.2018 09:06,2,Trojan.Win32.BuhTrap
92.63.197.177,07.04.2019 00:00,2,Trojan-PSW.Win32.Coins
95.141.36.27,06.05.2017 03:57,2,Trojan-Spy.Win32.Panda
92.63.102.64,01.10.2017 13:58,2,Trojan-Banker.Win32.Trickster
91.240.84.95,21.08.2018 07:57,2,Trojan-Banker.Win32.Trickster
91.240.84.171,16.08.2018 14:39,2,Trojan-Banker.Win32.Trickster
193.56.28.164,04.03.2019 09:23,2,Trojan-PSW.Win32.Coins
104.139.74.25,05.03.2019 22:44,2,Trojan-Banker.Win32.Trickster
5.34.244.250,24.01.2019 00:09,2,Trojan-PSW.Win32.Coins
190.145.74.84,19.09.2018 07:57,2,Trojan-Banker.Win32.Trickster
185.234.218.210,25.01.2019 02:12,2,Trojan-PSW.Win32.Coins
5.39.218.163,01.03.2019 11:46,2,Trojan-PSW.Win32.Coins
5.39.222.250,06.12.2017 09:40,2,CnC.Win32.Generic
195.123.233.178,11.04.2018 09:49,2,CnC.Win32.Generic
189.2.81.61,14.12.2018 08:03,2,Trojan-Banker.Win32.Trickster
212.86.115.71,26.04.2017 15:32,2,CnC.Win32.Generic
185.148.82.225,18.12.2018 03:17,2,Trojan-PSW.Win32.Coins
94.181.47.198,10.09.2018 20:28,2,Trojan-Banker.Win32.Trickster
195.161.62.90,14.05.2019 11:57,2,Trojan-Banker.Win32.Trickster
trotux.ddns.net,09.06.2019 00:22,2,Trojan.Win32.Llac
95.161.180.42,09.05.2018 20:35,2,Trojan-Banker.Win32.Trickster
ppru.pp.ru,14.06.2018 20:14,2,Trojan-Spy.Win32.Stealer
wmsurveys.com.au,06.11.2013 16:44,2,Trojan-Spy.Win32.Zbot
162.244.32.148,27.02.2018 19:36,2,CnC.Win32.Generic
5.8.88.64,12.12.2017 16:03,2,Trojan-PSW.Win32.Coins
vivavideos.com.br,26.10.2014 00:23,2,Trojan-Spy.Win32.Zbot
31.131.24.192,24.12.2018 10:00,2,Trojan-Banker.Win32.Trickster
mycraft.com.br,10.11.2014 15:39,2,Trojan-Spy.Win32.Zbot
98.163.53.175,05.10.2018 16:25,2,Trojan-Banker.Win32.Emotet
37.230.116.161,20.08.2018 09:08,2,Trojan-Banker.Win32.Trickster
193.140.175.7,18.12.2018 13:10,2,Backdoor.Win32.Xtreme
topprint.in.ua,10.12.2013 19:06,2,CnC.Win32.Generic
blackdiamond.co.id,01.06.2014 19:43,2,Trojan-Spy.Win32.Zbot
circlegroup.co.za,26.03.2013 13:52,2,Backdoor.Win32.Mutopy
xred.mooo.com,16.12.2017 02:51,2,Backdoor.Win32.Androm
top.fishingjoco.waw.pl,21.12.2018 13:27,2,Backdoor.Win32.Remcos
213.183.63.220,06.09.2018 09:31,2,Trojan-Banker.Win32.Trickster
181.129.195.146,19.02.2019 17:54,2,Trojan-Banker.Win32.Trickster
181.129.68.205,06.05.2019 00:26,2,Trojan-Banker.Win32.Trickster
green.wyattspaintbody.net,10.05.2019 04:53,2,Trojan-Downloader.Script.SLoad
62.113.238.143,05.06.2018 04:48,2,Trojan-Spy.Win32.Ursnif
mx.powered.name,18.04.2019 17:14,2,Backdoor.Win32.Androm
86.105.1.122,05.06.2018 04:48,2,Trojan-Spy.Win32.Ursnif
apk247.mobie.in,28.05.2019 10:17,2,Backdoor.MSIL.Bladabindi
anios.esy.es,22.05.2014 18:39,2,CnC.Win32.Generic
82.146.61.93,23.10.2018 08:34,2,Trojan-Banker.Win32.Trickster
136.25.2.43,15.01.2019 08:48,2,Trojan-Banker.Win32.Trickster
186.159.1.217,09.05.2019 03:53,2,Trojan-Banker.Win32.Trickster
15charliescene15.myjino.ru,04.01.2019 00:42,2,Trojan-PSW.Win32.Predator
182.176.132.213,02.05.2019 12:41,2,Trojan-Banker.Win32.Emotet
66.60.121.58,26.10.2018 07:35,2,Trojan-Banker.Win32.Trickster
46.100.250.10,16.02.2017 18:19,2,CnC.Win32.Generic
metalvidrosrp.com.br,27.05.2015 06:32,2,Trojan-Spy.Win32.Zbot
i9230151.beget.tech,09.06.2019 15:54,2,Trojan.Win32.Generic
maq.ddns.net,11.10.2018 06:16,2,Backdoor.Win32.DarkKomet
f0255890.xsph.ru,01.12.2018 02:25,2,Trojan-PSW.Win32.Predator
xmastifx.myjino.ru,14.09.2018 20:53,2,Trojan-Spy.Win32.Stealer
54.36.12.175,18.05.2018 15:30,2,CnC.Win32.Generic
rocoyacht.com.pl,16.05.2014 19:55,2,Trojan-Spy.Win32.Zbot
94.103.81.71,15.08.2018 13:08,2,Trojan-Banker.Win32.Agent
51.15.250.135,20.11.2018 12:58,2,Trojan-PSW.Win32.Coins
51.15.231.41,17.11.2018 03:29,2,Trojan-PSW.Win32.Coins
51.15.208.114,20.09.2018 18:36,2,Trojan-Spy.Win32.Stealer
irfanvakfi.org.tr,31.10.2014 23:46,2,Trojan-Spy.Win32.Zbot
soberanagro.com.br,04.05.2018 18:44,2,Worm.VBS.Dinihou
5.188.231.148,22.05.2019 08:48,2,Trojan-Downloader.Win32.PsDownload
94.102.60.165,05.02.2019 19:03,2,Backdoor.Win32.Mokes
195.54.163.87,06.11.2018 08:52,2,Trojan-Banker.Win32.Trickster
195.54.163.146,10.07.2018 13:12,2,CnC.Win32.Generic
195.54.163.91,22.12.2017 11:56,2,Trojan-Banker.Win32.Trickster
gaziantepdefterdarligi.gov.tr,10.12.2014 22:50,2,Trojan-Spy.Win32.Zbot
51.15.139.218,21.12.2018 02:22,2,Trojan-PSW.Win32.Coins
51.75.120.136,26.09.2018 00:02,2,Trojan-Spy.MSIL.Stealer
185.237.204.248,14.05.2019 11:58,2,Trojan-Banker.Win32.Trickster
45.67.14.179,12.03.2019 07:56,2,Trojan-PSW.Win32.Coins
thesimplecomplex.co.uk,21.05.2015 12:00,2,Trojan-Spy.Win32.Zbot
clicregional.com.br,09.08.2013 11:45,2,CnC.Win32.Generic
rsb18.rhostbh.com,06.12.2017 09:40,2,CnC.Win32.Generic
b.new2t700hegamejuststarted14k9.com,05.02.2015 15:51,2,Trojan.Win32.Neurevt
b.new2t700hegamejuststarted13k8.com,02.02.2015 11:17,2,Trojan.Win32.Neurevt
b.new2w700orldwipemek6.com,12.01.2015 22:07,2,Trojan.Win32.Neurevt
85.143.219.128,14.05.2019 09:52,2,Trojan-Banker.Win32.Trickster
moriah.org.sg,05.11.2013 10:15,2,CnC.Win32.Generic
irc.apropo-chat.ro,24.05.2019 01:32,2,Backdoor.Linux.Tsunami
163.29.23.168,24.04.2019 04:32,2,Trojan.Win32.Kovter
zaeba.co.uk,28.09.2018 20:05,2,Trojan-Downloader.Script.SLoad
ims-intl.com.sa,04.11.2014 15:24,2,Trojan-Spy.Win32.Zbot
190.97.10.198,24.05.2019 13:36,2,Trojan-Banker.Win32.Emotet
oneplus.infile.inspurcloud.cn,14.06.2019 07:48,2,Trojan.Win32.Yakes
89.184.94.38,27.04.2019 11:22,2,Trojan.Win32.Kovter
93.185.87.1,24.04.2019 06:36,2,Trojan.Win32.Kovter
195.123.246.192,08.06.2019 05:07,2,Trojan-PSW.Win32.Kpot
103.97.128.51,26.12.2018 03:30,2,Trojan.Win32.MicroFake
41.220.119.246,15.03.2019 15:14,2,Trojan-Banker.Win32.Emotet
190.25.255.98,06.05.2019 15:16,2,Trojan.MSOffice.SAgent
179.14.2.75,25.04.2019 16:49,2,Backdoor.Win32.Gulpix
45.123.3.54,05.11.2018 17:09,2,Trojan-Dropper.MSOffice.SDrop
142.93.88.16,30.05.2019 10:00,2,Trojan-Banker.Win32.Emotet
201.231.44.78,06.05.2019 16:17,2,Trojan-Banker.Win32.Emotet
190.186.203.55,25.04.2019 21:46,2,Trojan-Banker.Win32.Emotet
cviper.hostoi.com,19.12.2012 12:39,2,Backdoor.Win32.Androm
31.12.67.62,29.05.2019 14:14,2,Trojan-Banker.Win32.Emotet
178.72.145.112,01.09.2015 13:24,2,Trojan.Win32.Yakes
186.4.234.27,08.03.2019 13:42,2,Trojan-Banker.Win32.Emotet
81.109.227.123,31.05.2019 12:40,2,Trojan-Banker.Win32.Emotet
186.4.167.166,06.05.2019 17:59,2,Trojan-Banker.Win32.Emotet
45.236.104.86,21.12.2018 08:40,2,Trojan-Banker.Win32.Trickster
190.112.228.47,20.01.2019 09:40,2,Trojan-Banker.Win32.Emotet
lockoncd.com.br,20.02.2019 02:58,2,Trojan-Downloader.Win32.Agent
grupomarcasrl.com.ar,24.02.2014 19:52,2,CnC.Win32.Generic
195.254.174.74,10.11.2017 16:40,2,CnC.Win32.Generic
ww1.lysyfyj.com,26.10.2018 17:46,2,Backdoor.Win32.Shiz
unknownsoft.duckdns.org,27.03.2019 15:22,2,Backdoor.MSIL.NanoBot
blonze.createandhost.com,20.11.2014 15:40,2,CnC.Win32.Generic
g.icab.pk,28.04.2019 08:44,2,Trojan-PSW.Win32.Coins
traian.lunariffic.com,27.03.2015 09:51,2,Trojan-Spy.Win32.Zbot
rsaandrcg.com.au,07.07.2013 22:09,2,CnC.Win32.Generic
mayramoretti.com.br,14.10.2014 09:47,2,Trojan-Spy.Win32.Zbot
162.251.165.166,10.12.2018 22:03,2,Backdoor.Win32.Androm
samrat.duckdns.org,28.07.2017 13:50,2,Backdoor.MSIL.NanoBot
37.230.112.67,14.05.2018 14:49,2,Trojan-Banker.Win32.Trickster
185.158.251.48,25.11.2018 16:32,2,Trojan-Spy.Win32.Ursnif
185.62.188.6,25.11.2018 06:44,2,Trojan-PSW.Win32.Coins
smartways.com.ar,21.01.2014 00:18,2,CnC.Win32.Generic
193.242.211.170,22.11.2018 11:01,2,Trojan-PSW.Win32.Predator
134.249.155.93,22.01.2019 04:19,2,Trojan-Spy.Win32.SpyEyes
caea.edu.cn,21.02.2013 18:56,2,Backdoor.Win32.Mutopy
173.255.250.241,14.02.2019 15:21,2,Trojan-Banker.Win32.Emotet
190.161.186.116,26.04.2019 00:17,2,Trojan-Banker.Win32.Emotet
67.205.149.117,24.04.2019 17:27,2,Trojan-Banker.Win32.Emotet
70.57.82.196,15.03.2019 00:34,2,Trojan-Banker.Win32.Emotet
188.221.112.91,23.04.2019 05:36,2,Trojan-Downloader.Script.SLoad
37.1.214.193,22.11.2018 18:40,2,Trojan.Win32.Kovter
37.1.207.202,06.06.2017 12:17,2,CnC.Win32.Generic
meiassoft.com.br,13.08.2013 18:18,2,CnC.Win32.Generic
irc.xeromem.com,05.02.2019 09:29,2,Backdoor.Linux.Tsunami
46.29.163.19,15.09.2018 00:08,2,Trojan-PSW.Win32.Coins
eln.duckdns.org,11.03.2019 16:01,2,Trojan.Java.Blaze
119.28.42.171,29.01.2019 17:44,2,Backdoor.Win32.Farfli
ns01.serv1.info,28.02.2019 09:24,2,Trojan-Downloader.Win32.Andromeda
easycf.51.net,07.03.2012 17:24,2,Trojan.Win32.Krament
mundialseguro.duckdns.org,10.06.2019 17:39,2,Trojan.Script.Generic
viper.comli.com,21.01.2013 17:15,2,Backdoor.Win32.Androm
37.139.12.178,16.04.2019 17:17,2,Trojan.Script.Agent
floripamilgrau.no-ip.info,28.06.2015 06:28,2,Trojan.Win32.Llac
190.145.67.134,19.11.2018 13:54,2,Trojan-Dropper.MSOffice.SDrop
windowsdwm.ddns.net,15.06.2016 18:02,2,Trojan.MSIL.Zapchast
185.120.144.159,01.12.2018 01:29,2,Trojan-Spy.Win32.Agent
185.143.173.147,05.04.2019 13:06,2,Trojan-Banker.Win32.Trickster
qh4x88le5b.myjino.ru,15.12.2018 00:07,2,Trojan-PSW.Win32.Predator
q987356n.beget.tech,23.11.2018 13:31,2,Trojan-PSW.Win32.Predator
86.105.1.109,29.11.2018 02:16,2,Backdoor.Win32.Androm
and4.junglebeariwtc1.com,02.04.2015 21:32,2,Trojan-Downloader.Win32.Andromeda
195.123.237.159,14.05.2019 11:57,2,Trojan-Banker.Win32.Trickster
66.55.129.194,09.05.2018 06:21,2,Trojan-Spy.Win32.Ursnif
66.55.152.170,05.06.2018 04:48,2,Trojan-Spy.Win32.Ursnif
and19.amainwrorldnancy1.com,20.11.2018 12:58,2,Trojan.Win32.Generic
morgen.zzz.com.ua,21.06.2018 07:04,2,Trojan.MSIL.Agent
185.141.26.72,14.05.2019 11:57,2,Trojan-Banker.Win32.Trickster
89.163.144.224,27.03.2019 02:17,2,Trojan-PSW.Win32.Agent
esquadraomg.com.br,26.06.2014 11:22,2,Trojan-Spy.Win32.Zbot
f0300691.xsph.ru,28.05.2019 21:46,2,Trojan.Win32.Generic
maksimow.beget.tech,19.05.2019 16:51,2,Trojan-Spy.Win32.Stealer
193.29.187.72,30.05.2018 17:15,2,Trojan.Win32.Kovter
sendhost.no-ip.org,13.03.2016 22:54,2,Worm.VBS.Dinihou
yourfearcig.no-ip.org,25.08.2014 05:59,2,Backdoor.Win32.DarkKomet
162.241.201.229,30.10.2018 19:56,2,Trojan-Spy.Win32.TheRat
110.164.69.92,21.12.2018 08:39,2,Trojan-Banker.Win32.Trickster
terminator9.zapto.org,27.09.2013 15:12,2,Backdoor.Win32.Xtreme
prohackgames6.myjino.ru,05.06.2019 22:24,2,Trojan-Spy.Win32.Stealer
hostville.com.br,13.05.2015 08:57,2,Trojan-Spy.Win32.Zbot
gdcbghvjyqy7jclk.onion.casa,29.01.2018 10:11,2,CnC.Win32.Generic
arnondemello.com.br,01.11.2013 11:43,2,CnC.Win32.Generic
45.35.190.6,08.05.2019 07:27,2,Trojan-Spy.Win32.Ursnif
n.yqqufklho.ru,21.09.2015 15:24,2,Worm.Win32.Ngrbot
199.19.237.192,27.05.2019 13:47,2,Trojan.Win32.Generic
80.11.163.139,17.05.2019 17:26,2,Trojan.Win32.Generic
103.255.150.84,29.04.2019 11:39,2,Trojan-Banker.Win32.Emotet
190.106.97.230,19.12.2018 21:17,2,Trojan.MSOffice.SAgent
222.214.218.192,08.11.2018 16:21,2,Trojan-Banker.Win32.Emotet
xlightcx.myftp.biz,10.05.2019 20:15,2,Backdoor.MSIL.NanoBot
139.59.242.76,10.12.2018 10:51,2,Trojan-Banker.Win32.Emotet
cu01450.tmweb.ru,07.05.2019 18:58,2,Trojan-Spy.Win32.Stealer
45.79.72.132,10.04.2019 16:50,2,Trojan-Banker.Win32.Emotet
w2jzy7ulifqj5hop.onion.to,25.11.2018 11:47,2,CnC.Win32.Generic
138.128.150.133,07.01.2018 01:34,2,Worm.Win32.Oxynoxy
24.35.1.6,14.12.2018 08:03,2,Trojan-Banker.Win32.Trickster
46.149.182.112,13.08.2018 19:34,2,Trojan-Banker.Win32.Trickster
185.212.131.47,16.04.2019 13:49,2,Trojan-PSW.MSIL.Arkei
182.76.6.2,09.02.2019 08:12,2,Trojan-Banker.Win32.Emotet
chienlong.ddns.net,04.05.2019 10:38,2,Backdoor.MSIL.Bladabindi
23.254.203.51,10.12.2018 10:51,2,Trojan-Banker.Win32.Emotet
104.200.67.163,14.05.2019 10:37,2,Trojan-Banker.Win32.Trickster
37.59.172.196,14.05.2019 11:57,2,Trojan-Banker.Win32.Trickster
remotehost.ddns.net,19.10.2016 10:04,2,Trojan.MSIL.Zapchast
104.200.67.112,15.12.2017 16:02,2,CnC.Win32.Generic
185.5.248.154,16.05.2019 21:39,2,Trojan-Spy.MSIL.Stealer
24.247.181.155,07.11.2018 07:16,2,Trojan-Banker.Win32.Trickster
94.100.21.178,29.11.2018 15:13,2,Backdoor.Win32.Remcos
equiplanalto.com.br,25.11.2014 11:32,2,Trojan-PSW.Win32.Chisburg
181.141.87.122,23.05.2019 18:32,2,Trojan-Banker.Win32.Emotet
71.43.69.2,21.05.2019 15:42,2,Trojan.MSOffice.SAgent
186.23.146.42,24.05.2019 13:36,2,Trojan-Banker.Win32.Emotet
190.252.229.53,22.05.2019 17:57,2,Trojan-Banker.Win32.Emotet
186.86.177.193,21.05.2019 16:03,2,Trojan-Banker.Win32.Emotet
82.71.157.57,21.05.2019 15:48,2,Trojan-Banker.Win32.Emotet
70.44.163.160,26.05.2019 02:48,2,Trojan-Banker.Win32.Emotet
181.15.180.140,23.05.2019 18:14,2,Trojan-Banker.Win32.Emotet
186.138.56.183,23.05.2019 18:46,2,Trojan-Banker.Win32.Emotet
197.232.50.85,21.08.2018 07:57,2,Trojan-Banker.Win32.Trickster
201.212.24.6,27.05.2019 13:10,2,Trojan-Banker.Win32.Emotet
31.214.157.95,21.05.2019 08:49,2,Trojan-Spy.Win32.Agent
185.70.186.141,31.01.2019 08:59,2,Trojan-PSW.Win32.Coins
fahd2010.ddns.net,13.10.2018 03:35,2,Backdoor.Win32.Androm
103.243.25.243,02.08.2017 12:51,2,Trojan.Win32.MicroFake
indocameradani.co.cc,08.07.2014 03:30,2,Trojan.Win32.MSILBot
f0299837.xsph.ru,14.05.2019 02:32,2,Trojan-PSW.Win32.Coins
bo0msystem.ddns.net,27.10.2014 20:14,2,Backdoor.Win32.Gbod
95.174.65.241,23.01.2019 14:26,2,Trojan-PSW.Win32.Coins
46.19.102.8,23.04.2019 23:22,2,Trojan.Win32.Kovter
blog.tideisun.com.cn,21.01.2019 02:42,2,Trojan-PSW.Win32.Coins
103.213.212.42,27.04.2019 08:13,2,Trojan-Banker.Win32.Emotet
laiglesiadelsenor.org.mx,24.10.2013 16:36,2,Trojan-Spy.Win32.Zbot
46.36.214.9,06.11.2018 19:23,2,Trojan.Win32.Kovter
xy.skywalker.19where.com,29.10.2018 08:39,2,Trojan.AndroidOS.Piom
192.155.90.90,10.12.2018 10:51,2,Trojan-Banker.Win32.Emotet
43.229.62.186,28.03.2019 18:25,2,Trojan-Banker.Win32.Emotet
139.59.19.157,13.03.2019 18:52,2,Trojan-Banker.Win32.Emotet
51.255.50.164,13.02.2019 18:12,2,Trojan-Banker.Win32.Emotet
144.76.117.247,07.05.2019 17:39,2,Trojan-Banker.Win32.Emotet
89.211.193.18,08.03.2019 17:36,2,Trojan-Banker.Win32.Emotet
181.56.165.97,18.02.2019 14:09,2,Trojan-Banker.Win32.Emotet
82.73.220.225,25.03.2019 22:13,2,Trojan-Banker.Win32.Emotet
181.16.4.180,06.03.2019 18:38,2,Trojan-Banker.Win32.Emotet
190.15.198.47,14.03.2019 14:17,2,Trojan-Banker.Win32.Emotet
165.227.213.173,10.12.2018 10:51,2,Trojan-Banker.Win32.Emotet
209.159.244.240,16.02.2019 11:06,2,Trojan-Banker.Win32.Emotet
190.185.241.151,21.03.2019 10:50,2,Trojan-Banker.Win32.Emotet
204.138.46.166,27.03.2019 00:52,2,Trojan-Banker.Win32.Emotet
208.180.246.147,16.02.2019 11:06,2,Trojan-Banker.Win32.Emotet
192.163.199.254,12.02.2019 20:22,2,Trojan-Banker.Win32.Emotet
190.146.86.180,14.03.2019 14:17,2,Trojan-Banker.Win32.Emotet
219.94.254.93,24.04.2019 21:32,2,Trojan-Banker.Win32.Emotet
200.125.190.126,27.03.2019 02:36,2,Trojan-Banker.Win32.Emotet
24.137.254.148,20.03.2019 20:17,2,Trojan-Banker.Win32.Emotet
71.11.157.249,12.03.2019 15:54,2,Trojan-Banker.Win32.Emotet
189.208.239.98,05.03.2019 10:59,2,Trojan-Banker.Win32.Emotet
cmacabamento.com.br,09.08.2013 12:08,2,CnC.Win32.Generic
103.208.27.53,18.04.2019 17:33,2,Trojan.Win32.Yakes
excellenceawards.org.au,14.01.2013 09:33,2,Trojan-Spy.Win32.Zbot
check.ddns.net,02.03.2019 00:49,2,Backdoor.MSIL.Bladabindi
prons.com.ar,06.03.2014 18:03,2,CnC.Win32.Generic
v5m9hz8.x.incapdns.net,12.12.2018 21:50,2,Backdoor.Win32.Androm
190.75.47.24,28.05.2019 09:04,2,Trojan-Banker.Win32.Emotet
146.185.130.251,06.02.2019 19:34,2,Trojan.Script.Agent
hermes.travel.pl,15.11.2018 14:43,2,Trojan-Banker.Win32.IcedID
dikosoft.zapto.org,07.03.2017 14:58,2,Trojan.Script.Agent
aps.kemoge.net,08.07.2015 04:20,2,Trojan.AndroidOS.Fadeb
71.244.60.230,15.05.2019 15:21,2,Trojan-Banker.Win32.Emotet
71.244.60.231,14.02.2018 17:59,2,Trojan-Banker.Win32.Emotet
170.84.133.72,06.12.2018 16:21,2,Trojan-Banker.Win32.Emotet
fitings.ac.ug,24.12.2018 01:04,2,Trojan-PSW.Win32.Coins
neorandom.dothome.co.kr,17.04.2014 08:25,2,CnC.Win32.Generic
eb1-abraveses.rcts.pt,26.03.2013 13:52,2,Backdoor.Win32.Mutopy
188.209.52.142,14.11.2018 17:24,2,Backdoor.Linux.Mirai
217.92.171.167,15.05.2019 00:24,2,Trojan-Banker.Win32.Emotet
black.ourserver.ru,26.03.2019 23:13,2,Trojan-DDoS.MSIL.Blubot
birchiphotel.com.au,28.04.2015 18:41,2,Trojan-Spy.Win32.Zbot
cq89486.tmweb.ru,25.03.2019 08:47,2,Trojan-PSW.Win32.Coins
cwijziwz.myjino.ru,09.05.2019 04:27,2,Trojan-PSW.Win32.Predator
alus.ddns.net,31.01.2019 14:02,2,Backdoor.MSIL.Bladabindi
37.230.116.196,14.05.2019 11:58,2,Trojan-Banker.Win32.Trickster
198.148.90.34,02.05.2019 02:56,2,Trojan.Win32.Scar
13.59.87.77,15.12.2018 00:23,2,Trojan-PSW.Win32.Predator
a.baerr000.ru,15.04.2016 16:12,2,Worm.Win32.Ngrbot
193.151.91.86,01.08.2018 18:09,2,Trojan-PSW.Win32.Coins
wcw.co.za,12.09.2011 17:33,2,Net-Worm.Win32.Koobface
87.106.37.89,30.10.2017 16:37,2,Trojan.Win32.Xpun
smartloja.com.br,17.01.2013 05:25,2,CnC.Win32.Generic
109.234.34.90,05.09.2018 14:26,2,Trojan-Banker.Win32.Trickster
82.146.41.104,22.10.2018 11:58,2,Trojan-Banker.Win32.Trickster
update-sam.square7.ch,16.09.2015 21:56,2,Backdoor.Win32.Atbot
190.53.135.159,13.05.2019 17:15,2,Trojan-Banker.Win32.Emotet
66.212.31.250,29.08.2018 13:50,2,Backdoor.MSIL.NanoBot
216.98.148.136,03.05.2019 12:36,2,Trojan-Banker.Win32.Emotet
187.162.62.135,31.05.2019 17:43,2,Trojan-Ransom.Win32.Cryptor
104.236.217.164,30.05.2019 18:57,2,Trojan-Banker.Win32.Emotet
187.178.9.19,14.05.2019 14:09,2,Trojan-Banker.Win32.Emotet
45.73.124.235,14.05.2019 15:09,2,Trojan-Banker.Win32.Emotet
200.32.61.210,06.10.2018 12:10,2,Trojan-Banker.Win32.Emotet
5.79.119.1,27.05.2019 14:42,2,Trojan-Banker.Win32.Emotet
finixalg3.ddns.net,10.09.2016 01:07,2,Backdoor.MSIL.Bladabindi
81.143.213.156,18.05.2019 11:16,2,Trojan.MSOffice.SAgent
190.113.233.4,19.11.2018 13:54,2,Trojan-Banker.Win32.Emotet
181.198.67.178,16.05.2019 17:37,2,Trojan-Banker.Win32.Emotet
manager.valsecchi1926.ch,06.02.2019 08:32,2,Trojan-Downloader.Script.SLoad
93.99.68.140,31.07.2017 15:09,2,Trojan-Banker.Win32.Trickster
176.57.69.62,23.01.2019 03:54,2,Trojan-PSW.Win32.Coins
ieexploreinternet.duckdns.org,18.04.2019 15:45,2,CnC.Win32.Generic
45.67.14.61,18.04.2019 15:59,2,Trojan-Downloader.MSOffice.SLoad
181.59.253.20,22.01.2019 19:43,2,Trojan-Banker.Win32.Emotet
